item,ARWU_university_ID,GRID_ID
http://www.wikidata.org/entity/Q13371,Harvard-University,grid.38142.3c
http://www.wikidata.org/entity/Q15576,University-of-South-Australia,grid.1026.5
http://www.wikidata.org/entity/Q31392,Comenius-University-in-Bratislava,grid.7634.6
http://www.wikidata.org/entity/Q32746,National-Taiwan-University,grid.19188.39
http://www.wikidata.org/entity/Q41114,Ewha-Womans-University,grid.255649.9
http://www.wikidata.org/entity/Q49108,Massachusetts-Institute-of-Technology-(MIT),grid.116068.8
http://www.wikidata.org/entity/Q49112,Yale-University,grid.47100.32
http://www.wikidata.org/entity/Q49115,Cornell-University,grid.5386.8
http://www.wikidata.org/entity/Q51985,Technical-University-of-Berlin,grid.6734.6
http://www.wikidata.org/entity/Q53122,Pusan-National-University,grid.262229.f
http://www.wikidata.org/entity/Q56148,Yeungnam-University,grid.413028.c
http://www.wikidata.org/entity/Q114892,Nagasaki-University,grid.174567.6
http://www.wikidata.org/entity/Q115376,West-Virginia-University,grid.268154.c
http://www.wikidata.org/entity/Q131262,University-of-Bologna,grid.6292.f
http://www.wikidata.org/entity/Q153012,University-of-Potsdam,grid.11348.3f
http://www.wikidata.org/entity/Q154561,University-of-Jena,grid.9613.d
http://www.wikidata.org/entity/Q155354,University-of-Marburg,grid.10253.35
http://www.wikidata.org/entity/Q159895,University-of-Rostock,grid.10493.3f
http://www.wikidata.org/entity/Q161562,California-Institute-of-Technology,grid.20861.3d
http://www.wikidata.org/entity/Q165980,University-of-Vienna,grid.10420.37
http://www.wikidata.org/entity/Q168751,Duke-University,grid.26009.3d
http://www.wikidata.org/entity/Q178848,University-of-Notre-Dame,grid.131063.6
http://www.wikidata.org/entity/Q182973,University-of-Iowa,grid.214572.7
http://www.wikidata.org/entity/Q185246,Uppsala-University,grid.8993.b
http://www.wikidata.org/entity/Q189022,Imperial-College-London,grid.7445.2
http://www.wikidata.org/entity/Q192334,University-of-North-Carolina-at-Chapel-Hill,grid.10698.36
http://www.wikidata.org/entity/Q201492,McGill-University,grid.14709.3b
http://www.wikidata.org/entity/Q209344,Sapienza-University-of-Rome,grid.7841.a
http://www.wikidata.org/entity/Q216273,University-of-St-Andrews,grid.11914.3c
http://www.wikidata.org/entity/Q218506,Lund-University,grid.4514.4
http://www.wikidata.org/entity/Q219615,University-of-Barcelona,grid.5841.8
http://www.wikidata.org/entity/Q221645,Stockholm-University,grid.10548.38
http://www.wikidata.org/entity/Q221653,Utrecht-University,grid.5477.1
http://www.wikidata.org/entity/Q259388,University-of-Nantes,grid.4817.a
http://www.wikidata.org/entity/Q270222,Michigan-State-University,grid.17088.36
http://www.wikidata.org/entity/Q333886,Georgetown-University,grid.213910.8
http://www.wikidata.org/entity/Q371522,University-of-Gothenburg,grid.8761.8
http://www.wikidata.org/entity/Q458393,Durham-University,grid.8250.f
http://www.wikidata.org/entity/Q484108,Ulsan-National-Institute-of-Science-and-Technology,grid.42687.3f
http://www.wikidata.org/entity/Q491717,University-of-Ulsan,grid.267370.7
http://www.wikidata.org/entity/Q497259,Kangwon-National-University,grid.412010.6
http://www.wikidata.org/entity/Q500606,University-of-South-Florida,grid.170693.a
http://www.wikidata.org/entity/Q501758,University-of-Florida,grid.15276.37
http://www.wikidata.org/entity/Q502545,Ferdowsi-University-of-Mashhad,grid.411301.6
http://www.wikidata.org/entity/Q534643,University-of-the-Witwatersrand,grid.11951.3d
http://www.wikidata.org/entity/Q546976,University-of-Surrey,grid.5475.3
http://www.wikidata.org/entity/Q573954,University-of-Limerick,grid.10049.3c
http://www.wikidata.org/entity/Q591115,University-of-Haifa,grid.18098.38
http://www.wikidata.org/entity/Q593321,University-of-Genoa,grid.5606.5
http://www.wikidata.org/entity/Q595668,Tilburg-University,grid.12295.3d
http://www.wikidata.org/entity/Q617433,Syracuse-University,grid.264484.8
http://www.wikidata.org/entity/Q621043,Emory-University,grid.189967.8
http://www.wikidata.org/entity/Q622683,University-of-Graz,grid.5110.5
http://www.wikidata.org/entity/Q631066,Clemson-University,grid.26090.3d
http://www.wikidata.org/entity/Q640694,University-of-Alberta,grid.17089.37
http://www.wikidata.org/entity/Q649906,Xidian-University,grid.440736.2
http://www.wikidata.org/entity/Q670897,Arizona-State-University,grid.215654.1
http://www.wikidata.org/entity/Q691851,University-of-Naples-Federico-II,grid.4691.a
http://www.wikidata.org/entity/Q700758,Saarland-University,grid.11749.3a
http://www.wikidata.org/entity/Q707573,National-Chung-Hsing-University,grid.260542.7
http://www.wikidata.org/entity/Q756126,Middle-East-Technical-University,grid.6935.9
http://www.wikidata.org/entity/Q766145,University-of-Oregon,grid.170202.6
http://www.wikidata.org/entity/Q784171,National-University-of-La-Plata,grid.9499.d
http://www.wikidata.org/entity/Q832550,Northwestern-Polytechnical-University,grid.440588.5
http://www.wikidata.org/entity/Q834827,Tianjin-Medical-University,grid.265021.2
http://www.wikidata.org/entity/Q837164,Newcastle-University,grid.1006.7
http://www.wikidata.org/entity/Q837544,Donghua-University,grid.255169.c
http://www.wikidata.org/entity/Q842909,Rice-University,grid.21940.3e
http://www.wikidata.org/entity/Q865528,University-of-Warwick,grid.7372.1
http://www.wikidata.org/entity/Q875788,University-of-Innsbruck,grid.5771.4
http://www.wikidata.org/entity/Q913861,San-Diego-State-University,grid.263081.e
http://www.wikidata.org/entity/Q914024,Yokohama-City-University,grid.268441.d
http://www.wikidata.org/entity/Q1047060,Case-Western-Reserve-University,grid.67105.35
http://www.wikidata.org/entity/Q1047293,University-of-California-Santa-Cruz,grid.205975.c
http://www.wikidata.org/entity/Q1048851,Yeshiva-University,grid.268433.8
http://www.wikidata.org/entity/Q1062129,Tohoku-University,grid.69566.3a
http://www.wikidata.org/entity/Q1068258,University-College-Dublin,grid.7886.1
http://www.wikidata.org/entity/Q1075104,University-of-Essex,grid.8356.8
http://www.wikidata.org/entity/Q1122926,University-of-Lisbon,grid.9983.b
http://www.wikidata.org/entity/Q1142924,University-of-Malaya,grid.10347.31
http://www.wikidata.org/entity/Q1143396,Osaka-City-University,grid.261445.0
http://www.wikidata.org/entity/Q1145306,University-of-Calcutta,grid.59056.3f
http://www.wikidata.org/entity/Q1145497,Curtin-University,grid.1032.0
http://www.wikidata.org/entity/Q1161297,University-of-Sussex,grid.12082.39
http://www.wikidata.org/entity/Q1193547,Tulane-University,grid.265219.b
http://www.wikidata.org/entity/Q1202039,Royal-Holloway-University-of-London,grid.4970.a
http://www.wikidata.org/entity/Q1202292,Griffith-University,grid.1022.1
http://www.wikidata.org/entity/Q1245999,University-of-Siena,grid.9024.f
http://www.wikidata.org/entity/Q1248821,University-of-Catania,grid.8158.4
http://www.wikidata.org/entity/Q1312762,Swedish-University-of-Agricultural-Sciences,grid.6341.0
http://www.wikidata.org/entity/Q1322412,Saitama-University,grid.263023.6
http://www.wikidata.org/entity/Q1357517,University-of-Oulu,grid.10858.34
http://www.wikidata.org/entity/Q1478723,La-Trobe-University,grid.1018.8
http://www.wikidata.org/entity/Q1519696,Prince-of-Songkla-University,grid.7130.5
http://www.wikidata.org/entity/Q1627967,Liverpool-John-Moores-University,grid.4425.7
http://www.wikidata.org/entity/Q1640726,National-Technical-University-of-Athens,grid.4241.3
http://www.wikidata.org/entity/Q1641504,University-of-Palermo,grid.10776.37
http://www.wikidata.org/entity/Q1939211,Mississippi-State-University,grid.260120.7
http://www.wikidata.org/entity/Q4810943,Erciyes-University,grid.411739.9
http://www.wikidata.org/entity/Q5814528,Federal-University-of-Viçosa,grid.12799.34
http://www.wikidata.org/entity/Q4614,University-of-Southern-California,grid.42505.36
http://www.wikidata.org/entity/Q15568,The-University-of-Hong-Kong,grid.194645.b
http://www.wikidata.org/entity/Q15570,The-Chinese-University-of-Hong-Kong,grid.10784.3a
http://www.wikidata.org/entity/Q24543,Pompeu-Fabra-University,grid.5612.0
http://www.wikidata.org/entity/Q28695,University-of-Helsinki,grid.7737.4
http://www.wikidata.org/entity/Q29673,University-of-Minho,grid.10328.38
http://www.wikidata.org/entity/Q32120,University-of-Halle-Wittenberg,grid.9018.0
http://www.wikidata.org/entity/Q35794,University-of-Cambridge,grid.5335.0
http://www.wikidata.org/entity/Q39913,Seoul-National-University,grid.31501.36
http://www.wikidata.org/entity/Q41085,Sungkyunkwan-University,grid.264381.a
http://www.wikidata.org/entity/Q41506,Stanford-University,grid.168010.e
http://www.wikidata.org/entity/Q43401,National-Chiao-Tung-University,grid.260539.b
http://www.wikidata.org/entity/Q49118,Boston-College,grid.208226.c
http://www.wikidata.org/entity/Q49165,Amherst-College,grid.252152.3
http://www.wikidata.org/entity/Q49213,The-University-of-Texas-at-Austin,grid.89336.37
http://www.wikidata.org/entity/Q54096,University-of-Cologne,grid.6190.e
http://www.wikidata.org/entity/Q76473,University-of-Southampton,grid.5491.9
http://www.wikidata.org/entity/Q144488,University-of-Warsaw,grid.12847.38
http://www.wikidata.org/entity/Q156737,University-of-Kiel,grid.9764.c
http://www.wikidata.org/entity/Q175241,University-of-Antwerp,grid.5284.b
http://www.wikidata.org/entity/Q180865,University-of-Toronto,grid.17063.33
http://www.wikidata.org/entity/Q196559,University-of-Iceland,grid.14013.37
http://www.wikidata.org/entity/Q204457,University-of-Bergen,grid.7914.b
http://www.wikidata.org/entity/Q219317,University-of-Pavia,grid.8982.b
http://www.wikidata.org/entity/Q262854,Lancaster-University,grid.9835.7
http://www.wikidata.org/entity/Q270532,University-of-Aberdeen,grid.7107.1
http://www.wikidata.org/entity/Q273263,RWTH-Aachen-University,grid.1957.a
http://www.wikidata.org/entity/Q273638,ESPCI-ParisTech,grid.15736.36
http://www.wikidata.org/entity/Q287072,University-of-Burgundy,grid.5613.1
http://www.wikidata.org/entity/Q332498,Brigham-Young-University,grid.253294.b
http://www.wikidata.org/entity/Q369839,University-of-Szeged,grid.9008.1
http://www.wikidata.org/entity/Q459506,University-of-Bristol,grid.5337.2
http://www.wikidata.org/entity/Q472316,University-of-Nottingham,grid.4563.4
http://www.wikidata.org/entity/Q487836,Gyeongsang-National-University,grid.256681.e
http://www.wikidata.org/entity/Q491714,Chungbuk-National-University,grid.254229.a
http://www.wikidata.org/entity/Q500154,University-of-Arkansas-at-Little-Rock,grid.265960.e
http://www.wikidata.org/entity/Q503424,University-of-Leeds,grid.9909.9
http://www.wikidata.org/entity/Q586904,Federal-University-of-Rio-de-Janeiro,grid.8536.8
http://www.wikidata.org/entity/Q604470,Shandong-University,grid.27255.37
http://www.wikidata.org/entity/Q622137,Lehigh-University,grid.259029.5
http://www.wikidata.org/entity/Q626804,Mahidol-University,grid.10223.32
http://www.wikidata.org/entity/Q632004,Radboud-University-Nijmegen,grid.5590.9
http://www.wikidata.org/entity/Q632891,McMaster-University,grid.25073.33
http://www.wikidata.org/entity/Q633529,Erasmus-University-Rotterdam,grid.6906.9
http://www.wikidata.org/entity/Q633561,University-of-Zaragoza,grid.11205.37
http://www.wikidata.org/entity/Q644478,National-University-of-Ireland-Galway,grid.6142.1
http://www.wikidata.org/entity/Q649882,Yunnan-University,grid.440773.3
http://www.wikidata.org/entity/Q679134,University-of-Paderborn,grid.5659.f
http://www.wikidata.org/entity/Q689400,Vienna-University-of-Technology,grid.5329.d
http://www.wikidata.org/entity/Q699543,National-Taiwan-University-of-Science-and-Technology,grid.45907.3f
http://www.wikidata.org/entity/Q700801,Kaohsiung-Medical-University,grid.412019.f
http://www.wikidata.org/entity/Q702482,University-of-Bayreuth,grid.7384.8
http://www.wikidata.org/entity/Q714891,National-Central-University,grid.37589.30
http://www.wikidata.org/entity/Q721064,Nanyang-Technological-University,grid.59025.3b
http://www.wikidata.org/entity/Q734774,Saint-Louis-University,grid.262962.b
http://www.wikidata.org/entity/Q737835,University-of-Tehran,grid.46072.37
http://www.wikidata.org/entity/Q738236,National-University-of-Singapore,grid.4280.e
http://www.wikidata.org/entity/Q738258,University-of-Miami,grid.26790.3a
http://www.wikidata.org/entity/Q752663,Delft-University-of-Technology,grid.5292.c
http://www.wikidata.org/entity/Q776223,University-of-Montpellier,grid.121334.6
http://www.wikidata.org/entity/Q790029,Bangor-University,grid.7362.0
http://www.wikidata.org/entity/Q835440,University-of-Konstanz,grid.9811.1
http://www.wikidata.org/entity/Q835662,University-of-Ulm,grid.6582.9
http://www.wikidata.org/entity/Q855730,Chulalongkorn-University,grid.7922.e
http://www.wikidata.org/entity/Q860527,University-of-North-Texas,grid.266869.5
http://www.wikidata.org/entity/Q861548,Florida-State-University,grid.255986.5
http://www.wikidata.org/entity/Q872543,Medical-University-of-Graz,grid.11598.34
http://www.wikidata.org/entity/Q877925,Queens-University-Belfast,grid.4777.3
http://www.wikidata.org/entity/Q924265,Aarhus-University,grid.7048.b
http://www.wikidata.org/entity/Q962011,University-of-Tasmania,grid.1009.8
http://www.wikidata.org/entity/Q1041737,Carleton-University,grid.34428.39
http://www.wikidata.org/entity/Q1052614,Utah-State-University,grid.53857.3c
http://www.wikidata.org/entity/Q1060621,Ankara-University,grid.7256.6
http://www.wikidata.org/entity/Q1065809,Florida-International-University,grid.65456.34
http://www.wikidata.org/entity/Q1066492,Stellenbosch-University,grid.11956.3a
http://www.wikidata.org/entity/Q1074084,China-University-of-Mining-and-Technology,grid.411510.0
http://www.wikidata.org/entity/Q1074103,University-of-Science-and-Technology-of-China,grid.59053.3a
http://www.wikidata.org/entity/Q1075339,Ohio-University,grid.20627.31
http://www.wikidata.org/entity/Q1150245,Kyushu-Institute-of-Technology,grid.258806.1
http://www.wikidata.org/entity/Q1301275,Tokyo-University-of-Agriculture-and-Technology,grid.136594.c
http://www.wikidata.org/entity/Q1329478,Czech-Technical-University-in-Prague,grid.6652.7
http://www.wikidata.org/entity/Q1378320,Swarthmore-College,grid.264430.7
http://www.wikidata.org/entity/Q1422458,University-of-Bath,grid.7340.0
http://www.wikidata.org/entity/Q1434547,Loughborough-University,grid.6571.5
http://www.wikidata.org/entity/Q1496662,Gazi-University,grid.25769.3f
http://www.wikidata.org/entity/Q1640648,University-of-Canberra,grid.1039.b
http://www.wikidata.org/entity/Q1737734,Keele-University,grid.9757.c
http://www.wikidata.org/entity/Q1854488,University-of-Idaho,grid.266456.5
http://www.wikidata.org/entity/Q1859178,University-of-Strathclyde,grid.11984.35
http://www.wikidata.org/entity/Q1973130,University-of-Science-Malaysia,grid.11875.3a
http://www.wikidata.org/entity/Q2067315,University-of-Cagliari,grid.7763.5
http://www.wikidata.org/entity/Q2093139,University-of-Eastern-Finland,grid.9668.1
http://www.wikidata.org/entity/Q2307935,University-of-Udine,grid.5390.f
http://www.wikidata.org/entity/Q2723670,Ain-Shams-University,grid.7269.a
http://www.wikidata.org/entity/Q2892284,Baylor-College-of-Medicine,grid.39382.33
http://www.wikidata.org/entity/Q3152650,Florida-Institute-of-Technology,grid.255966.b
http://www.wikidata.org/entity/Q3180921,Tokyo-Medical-and-Dental-University,grid.265073.5
http://www.wikidata.org/entity/Q6806307,Medical-College-of-Wisconsin,grid.30760.32
http://www.wikidata.org/entity/Q10921986,Harbin-Medical-University,grid.410736.7
http://www.wikidata.org/entity/Q11062018,Guangzhou-Medical-University,grid.410737.6
http://www.wikidata.org/entity/Q16952,Peking-University,grid.11135.37
http://www.wikidata.org/entity/Q23102,Harbin-Engineering-University,grid.33764.35
http://www.wikidata.org/entity/Q24382,Bielefeld-University,grid.7491.b
http://www.wikidata.org/entity/Q31249,Kansas-State-University,grid.36567.31
http://www.wikidata.org/entity/Q39997,Korea-University,grid.222754.4
http://www.wikidata.org/entity/Q40006,Hanyang-University,grid.49606.3d
http://www.wikidata.org/entity/Q40025,University-of-Erlangen-Nuremberg,grid.5330.5
http://www.wikidata.org/entity/Q41765,Konkuk-University,grid.258676.8
http://www.wikidata.org/entity/Q41790,Chung-Ang-University,grid.254224.7
http://www.wikidata.org/entity/Q43406,National-Tsing-Hua-University,grid.38348.34
http://www.wikidata.org/entity/Q43452,Autonomous-University-of-Barcelona,grid.7080.f
http://www.wikidata.org/entity/Q46210,University-of-Milan,grid.4708.b
http://www.wikidata.org/entity/Q49088,Columbia-University,grid.21729.3f
http://www.wikidata.org/entity/Q49110,Boston-University,grid.189504.1
http://www.wikidata.org/entity/Q49120,Tufts-University,grid.429997.8
http://www.wikidata.org/entity/Q49211,Rensselaer-Polytechnic-Institute,grid.33647.35
http://www.wikidata.org/entity/Q52413,University-of-Kansas,grid.266515.3
http://www.wikidata.org/entity/Q122453,University-of-Stuttgart,grid.5719.a
http://www.wikidata.org/entity/Q129421,University-of-California-Davis,grid.27860.3b
http://www.wikidata.org/entity/Q139901,Northern-Arizona-University,grid.261120.6
http://www.wikidata.org/entity/Q152171,University-of-Bonn,grid.10388.32
http://www.wikidata.org/entity/Q153265,University-of-Cincinnati,grid.24827.3b
http://www.wikidata.org/entity/Q153987,University-of-Freiburg,grid.5963.9
http://www.wikidata.org/entity/Q156725,University-of-Hamburg,grid.9026.d
http://www.wikidata.org/entity/Q189441,Jagiellonian-University,grid.5522.0
http://www.wikidata.org/entity/Q193510,University-of-Padua,grid.5608.b
http://www.wikidata.org/entity/Q193727,Johns-Hopkins-University,grid.21107.35
http://www.wikidata.org/entity/Q194223,University-of-Buenos-Aires,grid.7345.5
http://www.wikidata.org/entity/Q197543,Zhejiang-University,grid.13402.34
http://www.wikidata.org/entity/Q201603,Simon-Fraser-University,grid.61971.38
http://www.wikidata.org/entity/Q213439,University-of-Virginia,grid.27755.32
http://www.wikidata.org/entity/Q214341,University-of-Amsterdam,grid.7177.6
http://www.wikidata.org/entity/Q223429,University-of-Birmingham,grid.6572.6
http://www.wikidata.org/entity/Q232141,University-of-Chile,grid.443909.3
http://www.wikidata.org/entity/Q238101,University-of-Minnesota-Twin-Cities,grid.17635.36
http://www.wikidata.org/entity/Q254204,Nankai-University,grid.216938.7
http://www.wikidata.org/entity/Q383568,University-of-Valencia,grid.5338.d
http://www.wikidata.org/entity/Q482730,Pukyong-National-University,grid.412576.3
http://www.wikidata.org/entity/Q487841,Kyungpook-National-University,grid.258803.4
http://www.wikidata.org/entity/Q496536,Kyung-Hee-University,grid.289247.2
http://www.wikidata.org/entity/Q499911,University-of-Turin,grid.7605.4
http://www.wikidata.org/entity/Q538452,Babeș-Bolyai-University,grid.7399.4
http://www.wikidata.org/entity/Q539881,University-of-La-Laguna,grid.10041.34
http://www.wikidata.org/entity/Q540672,Auburn-University,grid.252546.2
http://www.wikidata.org/entity/Q603034,Drexel-University,grid.166341.7
http://www.wikidata.org/entity/Q604444,University-of-Pretoria,grid.49697.35
http://www.wikidata.org/entity/Q616591,Oberlin-College,grid.261284.b
http://www.wikidata.org/entity/Q637387,Shahid-Beheshti-University-of-Medical-Sciences,grid.411600.2
http://www.wikidata.org/entity/Q649868,Hunan-University,grid.67293.39
http://www.wikidata.org/entity/Q659080,University-of-Bern,grid.5734.5
http://www.wikidata.org/entity/Q665105,University-of-Delhi,grid.8195.5
http://www.wikidata.org/entity/Q667568,Aristotle-University-of-Thessaloniki,grid.4793.9
http://www.wikidata.org/entity/Q677993,University-of-South-Africa,grid.412801.e
http://www.wikidata.org/entity/Q690912,University-of-Hohenheim,grid.9464.f
http://www.wikidata.org/entity/Q696757,University-of-Duisburg-Essen,grid.5718.b
http://www.wikidata.org/entity/Q706708,National-Cheng-Kung-University,grid.64523.36
http://www.wikidata.org/entity/Q741082,Macquarie-University,grid.1004.5
http://www.wikidata.org/entity/Q777403,Washington-University-in-St-Louis,grid.4367.6
http://www.wikidata.org/entity/Q788091,Autonomous-University-of-Madrid,grid.5515.4
http://www.wikidata.org/entity/Q795988,University-of-Guelph,grid.34429.38
http://www.wikidata.org/entity/Q812573,Baylor-University,grid.252890.4
http://www.wikidata.org/entity/Q815432,Keio-University,grid.26091.3c
http://www.wikidata.org/entity/Q820887,University-of-Florence,grid.8404.8
http://www.wikidata.org/entity/Q831227,National-University-of-Defense-Technology,grid.412110.7
http://www.wikidata.org/entity/Q835366,South-China-University-of-Technology,grid.79703.3a
http://www.wikidata.org/entity/Q836805,Chalmers-University-of-Technology,grid.5371.0
http://www.wikidata.org/entity/Q930528,University-of-Trento,grid.11696.39
http://www.wikidata.org/entity/Q945876,Université-Grenoble-Alpes,grid.411819.4
http://www.wikidata.org/entity/Q1049470,University-of-Waterloo,grid.46078.3d
http://www.wikidata.org/entity/Q1074117,Renmin-University-of-China,grid.24539.39
http://www.wikidata.org/entity/Q1136919,Iowa-State-University,grid.34421.30
http://www.wikidata.org/entity/Q1137665,Ghent-University,grid.5342.0
http://www.wikidata.org/entity/Q1147063,Jawaharlal-Nehru-University,grid.10706.30
http://www.wikidata.org/entity/Q1148210,Tottori-University,grid.265107.7
http://www.wikidata.org/entity/Q1180978,Deakin-University,grid.1021.2
http://www.wikidata.org/entity/Q1321380,University-of-North-Carolina-at-Greensboro,grid.266860.c
http://www.wikidata.org/entity/Q1414861,University-of-Exeter,grid.8391.3
http://www.wikidata.org/entity/Q1458113,University-of-Victoria,grid.143640.4
http://www.wikidata.org/entity/Q1473615,Kent-State-University,grid.258518.3
http://www.wikidata.org/entity/Q1474157,University-of-New-Orleans,grid.266835.c
http://www.wikidata.org/entity/Q1510516,University-of-Science-and-Technology-Beijing,grid.69775.3a
http://www.wikidata.org/entity/Q1610024,Heriot-Watt-University,grid.9531.e
http://www.wikidata.org/entity/Q1637997,Novosibirsk-State-University,grid.4605.7
http://www.wikidata.org/entity/Q1641788,University-of-Rhode-Island,grid.20431.34
http://www.wikidata.org/entity/Q1711196,Huazhong-University-of-Science-and-Technology,grid.33199.31
http://www.wikidata.org/entity/Q1725075,Norwegian-University-of-Life-Sciences,grid.19477.3c
http://www.wikidata.org/entity/Q1728622,University-of-California-Merced,grid.266096.d
http://www.wikidata.org/entity/Q1752043,King-Saud-University,grid.56302.32
http://www.wikidata.org/entity/Q1771717,Portland-State-University,grid.262075.4
http://www.wikidata.org/entity/Q1950740,Icahn-School-of-Medicine-at-Mount-Sinai,grid.59734.3c
http://www.wikidata.org/entity/Q2302586,Aix-Marseille-University,grid.5399.6
http://www.wikidata.org/entity/Q2471216,Thomas-Jefferson-University,grid.265008.9
http://www.wikidata.org/entity/Q2495899,University-of-Ontario-Institute-of-Technology,grid.266904.f
http://www.wikidata.org/entity/Q3429270,Huazhong-Agricultural-University,grid.35155.37
http://www.wikidata.org/entity/Q3497259,Nanchang-University,grid.260463.5
http://www.wikidata.org/entity/Q4393424,Northeast-Normal-University,grid.27446.33
http://www.wikidata.org/entity/Q5971900,University-of-Electronic-Science-and-Technology-of-China,grid.54549.39
http://www.wikidata.org/entity/Q6806451,Medical-University-of-South-Carolina,grid.259828.c
http://www.wikidata.org/entity/Q7685655,Tarbiat-Modares-University,grid.412266.5
http://www.wikidata.org/entity/Q7784898,Third-Military-Medical-University,grid.410570.7
http://www.wikidata.org/entity/Q1377,University-of-Ljubljana,grid.8954.0
http://www.wikidata.org/entity/Q4182,Weizmann-Institute-of-Science,grid.13992.30
http://www.wikidata.org/entity/Q12432,Michigan-Technological-University,grid.259979.9
http://www.wikidata.org/entity/Q15142,University-of-Massachusetts-Amherst,grid.266683.f
http://www.wikidata.org/entity/Q15575,Flinders-University,grid.1014.4
http://www.wikidata.org/entity/Q21578,Princeton-University,grid.16750.35
http://www.wikidata.org/entity/Q23101,Beijing-Institute-of-Technology,grid.43555.32
http://www.wikidata.org/entity/Q29671,University-of-Aveiro,grid.7311.4
http://www.wikidata.org/entity/Q31519,Charles-University-in-Prague,grid.4491.8
http://www.wikidata.org/entity/Q34433,University-of-Oxford,grid.4991.5
http://www.wikidata.org/entity/Q131252,University-of-Chicago,grid.170205.1
http://www.wikidata.org/entity/Q143451,University-of-Central-Florida,grid.170430.1
http://www.wikidata.org/entity/Q149990,University-of-Rochester,grid.16416.34
http://www.wikidata.org/entity/Q165528,University-of-Greifswald,grid.5603.0
http://www.wikidata.org/entity/Q174710,University-of-California-Los-Angeles,grid.19006.3e
http://www.wikidata.org/entity/Q192964,Istanbul-University,grid.9601.e
http://www.wikidata.org/entity/Q195668,Queen-Mary-University-of-London,grid.4868.2
http://www.wikidata.org/entity/Q219564,Karolinska-Institute,grid.4714.6
http://www.wikidata.org/entity/Q219694,Complutense-University-of-Madrid,grid.4795.f
http://www.wikidata.org/entity/Q240631,University-of-Belgrade,grid.7149.b
http://www.wikidata.org/entity/Q257655,China-Agricultural-University,grid.22935.3f
http://www.wikidata.org/entity/Q280824,Eindhoven-University-of-Technology,grid.6852.9
http://www.wikidata.org/entity/Q300980,Aalto-University,grid.5373.2
http://www.wikidata.org/entity/Q336264,Kyoto-University,grid.258799.8
http://www.wikidata.org/entity/Q372608,University-of-Basel,grid.6612.3
http://www.wikidata.org/entity/Q414245,AGH-University-of-Science-and-Technology,grid.9922.0
http://www.wikidata.org/entity/Q432475,University-of-Canterbury,grid.21006.35
http://www.wikidata.org/entity/Q470963,Fuzhou-University,grid.411604.6
http://www.wikidata.org/entity/Q486156,University-of-Oslo,grid.5510.1
http://www.wikidata.org/entity/Q491082,Ajou-University,grid.251916.8
http://www.wikidata.org/entity/Q500692,University-of-Bremen,grid.7704.4
http://www.wikidata.org/entity/Q503415,University-of-Maryland-College-Park,grid.164295.d
http://www.wikidata.org/entity/Q503419,University-of-Arizona,grid.134563.6
http://www.wikidata.org/entity/Q503473,University-of-Geneva,grid.8591.5
http://www.wikidata.org/entity/Q587326,Tokyo-Institute-of-Technology,grid.32197.3e
http://www.wikidata.org/entity/Q597236,Washington-State-University,grid.30064.31
http://www.wikidata.org/entity/Q598841,Monash-University,grid.1002.3
http://www.wikidata.org/entity/Q603686,Hong-Kong-Baptist-University,grid.221309.b
http://www.wikidata.org/entity/Q627969,University-of-Ottawa,grid.28046.38
http://www.wikidata.org/entity/Q658192,Vilnius-University,grid.6441.7
http://www.wikidata.org/entity/Q703620,Copenhagen-Business-School,grid.4655.2
http://www.wikidata.org/entity/Q727516,University-of-KwaZulu-Natal,grid.16463.36
http://www.wikidata.org/entity/Q750639,Rush-University,grid.262743.6
http://www.wikidata.org/entity/Q787234,Swinburne-University-of-Technology,grid.1027.4
http://www.wikidata.org/entity/Q832792,Yanshan-University,grid.413012.5
http://www.wikidata.org/entity/Q835960,University-of-Sao-Paulo,grid.11899.38
http://www.wikidata.org/entity/Q840443,Southwest-University,grid.263906.8
http://www.wikidata.org/entity/Q843253,Nara-Institute-of-Science-and-Technology,grid.260493.a
http://www.wikidata.org/entity/Q850730,University-of-Groningen,grid.4830.f
http://www.wikidata.org/entity/Q861888,Oregon-State-University,grid.4391.f
http://www.wikidata.org/entity/Q911561,Hannover-Medical-School,grid.10423.34
http://www.wikidata.org/entity/Q951305,University-of-Cape-Town,grid.7836.a
http://www.wikidata.org/entity/Q955764,University-of-Illinois-at-Chicago,grid.185648.6
http://www.wikidata.org/entity/Q1045828,University-of-East-Anglia,grid.8273.e
http://www.wikidata.org/entity/Q1048898,University-of-Vermont,grid.59062.38
http://www.wikidata.org/entity/Q1061504,Stockholm-School-of-Economics,grid.419684.6
http://www.wikidata.org/entity/Q1069994,Tokyo-University-of-Science,grid.143643.7
http://www.wikidata.org/entity/Q1074015,Ocean-University-of-China,grid.4422.0
http://www.wikidata.org/entity/Q1084409,Marche-Polytechnic-University,grid.7010.6
http://www.wikidata.org/entity/Q1095773,Clark-University,grid.254277.1
http://www.wikidata.org/entity/Q1111367,Colorado-School-of-Mines,grid.254549.b
http://www.wikidata.org/entity/Q1124657,Bar-Ilan-University,grid.22098.31
http://www.wikidata.org/entity/Q1132346,North-Carolina-State-University---Raleigh,grid.40803.3f
http://www.wikidata.org/entity/Q1134606,Massey-University,grid.148374.d
http://www.wikidata.org/entity/Q1196888,Yamagata-University,grid.268394.2
http://www.wikidata.org/entity/Q1232428,University-of-the-Basque-Country,grid.11480.3c
http://www.wikidata.org/entity/Q1269766,Technical-University-of-Denmark,grid.5170.3
http://www.wikidata.org/entity/Q1326975,University-of-Wyoming,grid.135963.b
http://www.wikidata.org/entity/Q1333399,University-of-Leicester,grid.9918.9
http://www.wikidata.org/entity/Q1350021,University-of-Wollongong,grid.1007.6
http://www.wikidata.org/entity/Q1353248,New-Mexico-State-University,grid.24805.3b
http://www.wikidata.org/entity/Q1411222,George-Mason-University,grid.22448.38
http://www.wikidata.org/entity/Q1420239,Temple-University,grid.264727.2
http://www.wikidata.org/entity/Q1424632,Alexandria-University,grid.7155.6
http://www.wikidata.org/entity/Q1472358,University-of-Houston,grid.266436.3
http://www.wikidata.org/entity/Q1509333,Georgia-State-University,grid.256304.6
http://www.wikidata.org/entity/Q1514848,University-of-Saskatchewan,grid.25152.31
http://www.wikidata.org/entity/Q1544881,University-of-Tampere,grid.5509.9
http://www.wikidata.org/entity/Q1547084,University-of-Twente,grid.6214.1
http://www.wikidata.org/entity/Q1563050,University-of-Macau,grid.437123.0
http://www.wikidata.org/entity/Q1567050,Hacettepe-University,grid.14442.37
http://www.wikidata.org/entity/Q1574185,University-College-Cork,grid.7872.a
http://www.wikidata.org/entity/Q1604022,Beijing-Normal-University,grid.20513.35
http://www.wikidata.org/entity/Q1640731,Polytechnic-University-of-Catalonia,grid.6835.8
http://www.wikidata.org/entity/Q1674548,Beijing-University-of-Technology,grid.28703.3e
http://www.wikidata.org/entity/Q1751060,University-of-Trieste,grid.5133.4
http://www.wikidata.org/entity/Q1811146,University-of-the-Balearic-Islands,grid.9563.9
http://www.wikidata.org/entity/Q2034790,East-China-Normal-University,grid.22069.3f
http://www.wikidata.org/entity/Q2096604,Sharif-University-of-Technology,grid.412553.4
http://www.wikidata.org/entity/Q2239217,Medical-University-of-Silesia,grid.411728.9
http://www.wikidata.org/entity/Q2302311,University-of-Nevada-Las-Vegas,grid.272362.0
http://www.wikidata.org/entity/Q2303432,University-of-Oviedo,grid.10863.3c
http://www.wikidata.org/entity/Q2303536,Virginia-Commonwealth-University,grid.224260.0
http://www.wikidata.org/entity/Q2496116,Northwest-University,grid.412262.1
http://www.wikidata.org/entity/Q2655352,East-China-University-of-Science-and-Technology,grid.28056.39
http://www.wikidata.org/entity/Q3551506,Vita-Salute-San-Raffaele-University,grid.15496.3f
http://www.wikidata.org/entity/Q4119470,University-of-Maryland-Baltimore,grid.411024.2
http://www.wikidata.org/entity/Q4587760,Beijing-Jiaotong-University,grid.181531.f
http://www.wikidata.org/entity/Q4764372,Anhui-Medical-University,grid.186775.a
http://www.wikidata.org/entity/Q6191740,Jiangsu-University,grid.440785.a
http://www.wikidata.org/entity/Q4032,Claude-Bernard-University-Lyon-1,grid.7849.2
http://www.wikidata.org/entity/Q13164,Moscow-State-University,grid.14476.30
http://www.wikidata.org/entity/Q23110,Nanjing-University-of-Aeronautics-and-Astronautics,grid.64938.30
http://www.wikidata.org/entity/Q27621,Saint-Petersburg-State-University,grid.15447.33
http://www.wikidata.org/entity/Q29052,Vanderbilt-University,grid.152326.1
http://www.wikidata.org/entity/Q36188,University-of-Fribourg,grid.8534.a
http://www.wikidata.org/entity/Q40018,Pohang-University-of-Science-and-Technology,grid.49100.3c
http://www.wikidata.org/entity/Q41738,Catholic-University-of-Korea,grid.411947.e
http://www.wikidata.org/entity/Q49114,Brown-University,grid.40263.33
http://www.wikidata.org/entity/Q49116,Dartmouth-College,grid.254880.3
http://www.wikidata.org/entity/Q49117,University-of-Pennsylvania,grid.25879.31
http://www.wikidata.org/entity/Q49119,Brandeis-University,grid.253264.4
http://www.wikidata.org/entity/Q151510,Heidelberg-University,grid.7700.0
http://www.wikidata.org/entity/Q152087,Humboldt-University-of-Berlin,grid.7468.d
http://www.wikidata.org/entity/Q154804,University-of-Leipzig,grid.9647.c
http://www.wikidata.org/entity/Q156598,Leiden-University,grid.5132.5
http://www.wikidata.org/entity/Q157575,University-of-Strasbourg,grid.11843.3f
http://www.wikidata.org/entity/Q168756,University-of-California-Berkeley,grid.47840.3f
http://www.wikidata.org/entity/Q190080,Carnegie-Mellon-University,grid.147455.6
http://www.wikidata.org/entity/Q194445,Cairo-University,grid.7776.1
http://www.wikidata.org/entity/Q195046,Worcester-Polytechnic-Institute,grid.268323.e
http://www.wikidata.org/entity/Q204181,University-of-Tartu,grid.10939.32
http://www.wikidata.org/entity/Q219563,University-of-Washington,grid.34477.33
http://www.wikidata.org/entity/Q258464,Trinity-College-Dublin,grid.8217.c
http://www.wikidata.org/entity/Q308963,University-of-Salamanca,grid.11762.33
http://www.wikidata.org/entity/Q309350,Northwestern-University,grid.16753.36
http://www.wikidata.org/entity/Q317053,University-of-Giessen,grid.8664.c
http://www.wikidata.org/entity/Q319239,Tel-Aviv-University,grid.12136.37
http://www.wikidata.org/entity/Q349055,Wayne-State-University,grid.254444.7
http://www.wikidata.org/entity/Q368643,University-of-Coimbra,grid.8051.c
http://www.wikidata.org/entity/Q378134,Catholic-University-of-Louvain,grid.7942.8
http://www.wikidata.org/entity/Q484900,Gwangju-Institute-of-Science-and-Technology,grid.61221.36
http://www.wikidata.org/entity/Q487556,University-of-Sydney,grid.1013.3
http://www.wikidata.org/entity/Q500740,LILLE-1-University---Science-and-Technology,grid.4461.7
http://www.wikidata.org/entity/Q501841,University-of-Turku,grid.1374.1
http://www.wikidata.org/entity/Q525169,Shanghai-Jiao-Tong-University,grid.16821.3c
http://www.wikidata.org/entity/Q536512,James-Cook-University,grid.1011.1
http://www.wikidata.org/entity/Q632558,Harbin-Institute-of-Technology,grid.19373.3f
http://www.wikidata.org/entity/Q649895,Zhengzhou-University,grid.207374.5
http://www.wikidata.org/entity/Q658975,University-of-Lausanne,grid.9851.5
http://www.wikidata.org/entity/Q661056,University-of-Poitiers,grid.11166.31
http://www.wikidata.org/entity/Q666916,University-of-Vigo,grid.6312.6
http://www.wikidata.org/entity/Q685557,Technical-University-of-Dortmund,grid.5675.1
http://www.wikidata.org/entity/Q748085,University-of-Perugia,grid.9027.c
http://www.wikidata.org/entity/Q749718,Oklahoma-State-University,grid.65519.3e
http://www.wikidata.org/entity/Q763586,Masaryk-University,grid.10267.32
http://www.wikidata.org/entity/Q832355,Wuhan-University-of-Technology,grid.162110.5
http://www.wikidata.org/entity/Q969850,Stony-Brook-University,grid.36425.36
http://www.wikidata.org/entity/Q1035745,Cardiff-University,grid.5600.3
http://www.wikidata.org/entity/Q1074112,Ehime-University,grid.255464.4
http://www.wikidata.org/entity/Q1075148,University-of-California-Riverside,grid.266097.c
http://www.wikidata.org/entity/Q1079140,Indiana-University-Bloomington,grid.411377.7
http://www.wikidata.org/entity/Q1137652,Maastricht-University,grid.5012.6
http://www.wikidata.org/entity/Q1144750,Queensland-University-of-Technology,grid.1024.7
http://www.wikidata.org/entity/Q1150419,National-University-of-Colombia,grid.10689.36
http://www.wikidata.org/entity/Q1150437,Victoria-University-of-Wellington,grid.267827.e
http://www.wikidata.org/entity/Q1186843,Budapest-University-of-Technology-and-Economics,grid.6759.d
http://www.wikidata.org/entity/Q1189954,MINES-ParisTech,grid.58140.38
http://www.wikidata.org/entity/Q1191833,University-of-Manitoba,grid.21613.37
http://www.wikidata.org/entity/Q1198571,University-of-Nice-Sophia-Antipolis,grid.10737.32
http://www.wikidata.org/entity/Q1201513,University-of-Otago,grid.29980.3a
http://www.wikidata.org/entity/Q1209029,Shinshu-University,grid.263518.b
http://www.wikidata.org/entity/Q1229996,University-of-Seville,grid.9224.d
http://www.wikidata.org/entity/Q1232180,University-of-Granada,grid.4489.1
http://www.wikidata.org/entity/Q1236345,University-of-Murcia,grid.10586.3a
http://www.wikidata.org/entity/Q1243904,University-of-Alcalá,grid.7159.a
http://www.wikidata.org/entity/Q1245318,University-of-Messina,grid.10438.3e
http://www.wikidata.org/entity/Q1317143,University-of-Louisville,grid.266623.5
http://www.wikidata.org/entity/Q1360303,University-of-Kentucky,grid.266539.d
http://www.wikidata.org/entity/Q1375146,Murdoch-University,grid.1025.6
http://www.wikidata.org/entity/Q1381437,University-of-Auvergne,
http://www.wikidata.org/entity/Q1420500,Swansea-University,grid.4827.9
http://www.wikidata.org/entity/Q1423756,Texas-Tech-University,grid.264784.b
http://www.wikidata.org/entity/Q1474100,Old-Dominion-University,grid.261368.8
http://www.wikidata.org/entity/Q1477368,Dalian-University-of-Technology,grid.30055.33
http://www.wikidata.org/entity/Q1477812,Nanjing-Normal-University,grid.260474.3
http://www.wikidata.org/entity/Q1536258,Southern-Methodist-University,grid.263864.d
http://www.wikidata.org/entity/Q1537759,Loyola-University-Chicago,grid.164971.c
http://www.wikidata.org/entity/Q1574578,Qatar-University,grid.412603.2
http://www.wikidata.org/entity/Q1752540,University-of-Calabria,grid.7778.f
http://www.wikidata.org/entity/Q1755318,University-of-Wisconsin-Milwaukee,grid.267468.9
http://www.wikidata.org/entity/Q1795928,King-Abdulaziz-University,grid.412125.1
http://www.wikidata.org/entity/Q1972050,University-of-Johannesburg,grid.412988.e
http://www.wikidata.org/entity/Q2003976,Polytechnic-University-of-Valencia,grid.157927.f
http://www.wikidata.org/entity/Q2166335,University-of-Southern-Denmark,grid.10825.3e
http://www.wikidata.org/entity/Q2299797,Beihang-University,grid.64939.31
http://www.wikidata.org/entity/Q2302319,University-of-Toledo,grid.267337.4
http://www.wikidata.org/entity/Q2424299,International-School-for-Advanced-Studies,grid.5970.b
http://www.wikidata.org/entity/Q2496210,Beijing-University-of-Chemical-Technology,grid.48166.3d
http://www.wikidata.org/entity/Q2748799,Chang-Gung-University,grid.145695.a
http://www.wikidata.org/entity/Q3272013,New-Jersey-Institute-of-Technology,grid.260896.3
http://www.wikidata.org/entity/Q3372325,Peking-Union-Medical-College,grid.447366.4
http://www.wikidata.org/entity/Q3953805,Nanjing-University-of-Science-and-Technology,grid.410579.e
http://www.wikidata.org/entity/Q4173330,University-of-Lorraine,grid.29172.3f
http://www.wikidata.org/entity/Q4389652,Kitasato-University,grid.410786.c
http://www.wikidata.org/entity/Q4746780,Amirkabir-University-of-Technology,grid.411368.9
http://www.wikidata.org/entity/Q5698213,Hefei-University-of-Technology,grid.256896.6
http://www.wikidata.org/entity/Q7694901,Tehran-University-of-Medical-Sciences,grid.411705.6
http://www.wikidata.org/entity/Q7896420,University-of-Tennessee-Health-Science-Center,grid.267301.1
http://www.wikidata.org/entity/Q8048674,Yangzhou-University,grid.268415.c
http://www.wikidata.org/entity/Q10159,Ecole-Normale-Superieure---Lyon,grid.15140.31
http://www.wikidata.org/entity/Q10177,Ecole-Centrale-Lyon,grid.15401.31
http://www.wikidata.org/entity/Q11942,Swiss-Federal-Institute-of-Technology-Zurich,grid.5801.c
http://www.wikidata.org/entity/Q13344,University-of-Bordeaux,grid.412041.2
http://www.wikidata.org/entity/Q16955,Tsinghua-University,grid.12527.33
http://www.wikidata.org/entity/Q24401,Universiti-Teknologi-Malaysia,grid.410877.d
http://www.wikidata.org/entity/Q32751,National-Sun-Yat-Sen-University,grid.412036.2
http://www.wikidata.org/entity/Q37548,Northeastern-University-(Boston),grid.261112.7
http://www.wikidata.org/entity/Q55044,University-of-Munich,grid.5252.0
http://www.wikidata.org/entity/Q59668,University-of-Luxembourg,grid.16008.3f
http://www.wikidata.org/entity/Q65379,Virginia-Polytechnic-Institute-and-State-University,grid.438526.e
http://www.wikidata.org/entity/Q83259,Ecole-Normale-Superieure---Paris,grid.5607.4
http://www.wikidata.org/entity/Q127990,The-Australian-National-University,grid.1001.0
http://www.wikidata.org/entity/Q152838,University-of-Goettingen,grid.7450.6
http://www.wikidata.org/entity/Q153978,University-of-Tuebingen,grid.10392.39
http://www.wikidata.org/entity/Q160302,The-University-of-Edinburgh,grid.4305.2
http://www.wikidata.org/entity/Q161982,University-of-Mainz,grid.5802.f
http://www.wikidata.org/entity/Q174158,The-Hebrew-University-of-Jerusalem,grid.9619.7
http://www.wikidata.org/entity/Q174570,London-School-of-Economics-and-Political-Science,grid.13063.37
http://www.wikidata.org/entity/Q178972,Sun-Yat-sen-University,grid.12981.33
http://www.wikidata.org/entity/Q186285,University-of-Copenhagen,grid.5254.6
http://www.wikidata.org/entity/Q186638,University-of-Versailles-Saint-Quentin-en-Yvelines,grid.12832.3a
http://www.wikidata.org/entity/Q192775,The-University-of-Glasgow,grid.8756.c
http://www.wikidata.org/entity/Q193196,University-College-London,grid.83440.3b
http://www.wikidata.org/entity/Q199948,University-of-Concepcion,grid.5380.e
http://www.wikidata.org/entity/Q217741,Purdue-University---West-Lafayette,grid.169077.e
http://www.wikidata.org/entity/Q229022,Catholic-University-of-the-Sacred-Heart,grid.8142.f
http://www.wikidata.org/entity/Q230899,The-University-of-Manchester,grid.5379.8
http://www.wikidata.org/entity/Q235034,University-of-Pittsburgh-Pittsburgh-Campus,grid.21925.3d
http://www.wikidata.org/entity/Q245247,Kings-College-London,grid.13097.3c
http://www.wikidata.org/entity/Q262760,Swiss-Federal-Institute-of-Technology-Lausanne,grid.5333.6
http://www.wikidata.org/entity/Q273626,Ecole-Polytechnique,grid.10877.39
http://www.wikidata.org/entity/Q274486,Waseda-University,grid.5290.e
http://www.wikidata.org/entity/Q309948,University-of-Bochum,grid.5570.7
http://www.wikidata.org/entity/Q314536,Norwegian-University-of-Science-and-Technology---NTNU,grid.5947.f
http://www.wikidata.org/entity/Q319078,The-University-of-Melbourne,grid.1008.9
http://www.wikidata.org/entity/Q326342,Concordia-University,grid.410319.e
http://www.wikidata.org/entity/Q391028,University-of-British-Columbia,grid.17091.3e
http://www.wikidata.org/entity/Q392189,University-of-Montreal,grid.14848.31
http://www.wikidata.org/entity/Q392667,Wake-Forest-University,grid.241167.7
http://www.wikidata.org/entity/Q392897,Polytechnic-University-of-Turin,grid.4800.c
http://www.wikidata.org/entity/Q492467,The-University-of-Auckland,grid.9654.e
http://www.wikidata.org/entity/Q495015,Fudan-University,grid.8547.e
http://www.wikidata.org/entity/Q499510,University-of-Liverpool,grid.10025.36
http://www.wikidata.org/entity/Q579968,University-of-Missouri---Columbia,grid.134936.a
http://www.wikidata.org/entity/Q597758,University-of-Oldenburg,grid.5560.6
http://www.wikidata.org/entity/Q606140,The-University-of-Waikato,grid.49481.30
http://www.wikidata.org/entity/Q622664,University-of-California-San-Diego,grid.266100.3
http://www.wikidata.org/entity/Q651233,Osaka-University,grid.136593.b
http://www.wikidata.org/entity/Q672416,Scuola-Normale-Superiore---Pisa,grid.6093.c
http://www.wikidata.org/entity/Q675848,University-of-Zagreb,grid.4808.4
http://www.wikidata.org/entity/Q678982,University-of-Hannover,grid.9122.8
http://www.wikidata.org/entity/Q682739,Johannes-Kepler-University-Linz,grid.9970.7
http://www.wikidata.org/entity/Q683580,Nanjing-University,grid.41156.37
http://www.wikidata.org/entity/Q734324,Technical-University-of-Braunschweig,grid.6738.a
http://www.wikidata.org/entity/Q761534,The-University-of-Georgia,grid.213876.9
http://www.wikidata.org/entity/Q833670,KU-Leuven,grid.5596.f
http://www.wikidata.org/entity/Q849751,York-University,grid.21100.32
http://www.wikidata.org/entity/Q854280,KTH-Royal-Institute-of-Technology,grid.5037.1
http://www.wikidata.org/entity/Q864855,Georgia-Institute-of-Technology,grid.213917.f
http://www.wikidata.org/entity/Q866012,The-University-of-Queensland,grid.1003.2
http://www.wikidata.org/entity/Q868421,University-of-California-Irvine,grid.266093.8
http://www.wikidata.org/entity/Q921264,The-University-of-Texas-Medical-Branch-at-Galveston,grid.176731.5
http://www.wikidata.org/entity/Q981237,Xian-Jiao-Tong-University,grid.43169.39
http://www.wikidata.org/entity/Q1024426,University-of-South-Carolina---Columbia,grid.254567.7
http://www.wikidata.org/entity/Q1024543,CUNY-Graduate-School-and-University-Center,grid.253482.a
http://www.wikidata.org/entity/Q1065414,VU-University-Amsterdam,grid.12380.38
http://www.wikidata.org/entity/Q1067471,The-University-of-Calgary,grid.22072.35
http://www.wikidata.org/entity/Q1074097,China-University-of-Geosciences-(Beijing),
http://www.wikidata.org/entity/Q1074097,China-University-of-Geosciences-(Wuhan),
http://www.wikidata.org/entity/Q1093910,City-University-of-New-York-City-College,grid.254250.4
http://www.wikidata.org/entity/Q1108197,Wuhan-University,grid.49470.3e
http://www.wikidata.org/entity/Q1126189,London-School-of-Hygiene--Tropical-Medicine,grid.8991.9
http://www.wikidata.org/entity/Q1150105,University-of-Tennessee---Knoxville,grid.411461.7
http://www.wikidata.org/entity/Q1150231,The-University-of-Tokushima,grid.267335.6
http://www.wikidata.org/entity/Q1155944,University-of-Paris-Descartes-(Paris-5),grid.10992.33
http://www.wikidata.org/entity/Q1192597,Kobe-University,grid.31432.37
http://www.wikidata.org/entity/Q1353679,University-of-Nebraska---Lincoln,grid.24434.35
http://www.wikidata.org/entity/Q1420038,Queens-University,grid.410356.5
http://www.wikidata.org/entity/Q1422903,University-of-Porto,grid.5808.5
http://www.wikidata.org/entity/Q1446181,CUNY-Hunter-College,grid.257167.0
http://www.wikidata.org/entity/Q1468161,University-of-Colorado-at-Denver,grid.241116.1
http://www.wikidata.org/entity/Q1472663,University-of-Alabama-at-Birmingham,grid.265892.2
http://www.wikidata.org/entity/Q1473677,University-of-Santiago-Compostela,grid.11794.3a
http://www.wikidata.org/entity/Q1480643,University-of-Paris-Sud-(Paris-11),grid.5842.b
http://www.wikidata.org/entity/Q1517021,The-University-of-Western-Australia,grid.1012.2
http://www.wikidata.org/entity/Q1521725,Louisiana-State-University---Baton-Rouge,grid.64337.35
http://www.wikidata.org/entity/Q1758474,University-of-Parma,grid.10383.39
http://www.wikidata.org/entity/Q1780816,University-at-Albany-(State-University-of-New-York),grid.265850.c
http://www.wikidata.org/entity/Q1817137,UNESP,grid.410543.7
http://www.wikidata.org/entity/Q1895354,Memorial-University-of-Newfoundland,grid.25055.37
http://www.wikidata.org/entity/Q1979891,New-University-of-Lisbon,grid.10772.33
http://www.wikidata.org/entity/Q1998811,North-West-University,grid.25881.36
http://www.wikidata.org/entity/Q2302336,University-of-Montana---Missoula,grid.253613.0
http://www.wikidata.org/entity/Q2413375,The-Open-University,grid.10837.3d
http://www.wikidata.org/entity/Q2531629,Verona-University,grid.5611.3
http://www.wikidata.org/entity/Q2579532,University-of-Sherbrooke,grid.86715.3d
http://www.wikidata.org/entity/Q2687517,Jinan-University,grid.258164.c
http://www.wikidata.org/entity/Q2744209,University-of-Portsmouth,grid.4701.2
http://www.wikidata.org/entity/Q48977467,Mayo-Medical-School,
http://www.wikidata.org/entity/Q153006,Free-University-Berlin,grid.14095.39
http://www.wikidata.org/entity/Q839224,Grenoble-Ecole-Management,grid.462264.0
http://www.wikidata.org/entity/Q1665121,Grenoble-Institute-of-Technology,grid.5676.2
http://www.wikidata.org/entity/Q7842,The-University-of-Tokyo,grid.26999.3d
http://www.wikidata.org/entity/Q15574,The-University-of-Adelaide,grid.1010.0
http://www.wikidata.org/entity/Q16947,Tongji-University,grid.24516.34
http://www.wikidata.org/entity/Q39949,Korea-Advanced-Institute-of-Science-and-Technology,grid.37172.30
http://www.wikidata.org/entity/Q49206,University-of-Connecticut,grid.63054.34
http://www.wikidata.org/entity/Q49207,University-of-New-Hampshire---Durham,grid.167436.1
http://www.wikidata.org/entity/Q49210,New-York-University,grid.137628.9
http://www.wikidata.org/entity/Q49212,Texas-AM-University,grid.264756.4
http://www.wikidata.org/entity/Q115220,Hiroshima-University,grid.257022.0
http://www.wikidata.org/entity/Q157808,Technical-University-Munich,grid.6936.a
http://www.wikidata.org/entity/Q158158,TU-Dresden,grid.4488.0
http://www.wikidata.org/entity/Q161976,University-of-Wuerzburg,grid.8379.5
http://www.wikidata.org/entity/Q168426,University-of-Muenster,grid.5949.1
http://www.wikidata.org/entity/Q168515,University-of-Utah,grid.223827.e
http://www.wikidata.org/entity/Q206702,University-of-Zurich,grid.7400.3
http://www.wikidata.org/entity/Q222738,National-Autonomous-University-of-Mexico,grid.9486.3
http://www.wikidata.org/entity/Q230492,University-of-Michigan-Ann-Arbor,grid.214458.e
http://www.wikidata.org/entity/Q263064,University-of-California-Santa-Barbara,grid.133342.4
http://www.wikidata.org/entity/Q270272,Rockefeller-University,grid.134907.8
http://www.wikidata.org/entity/Q282097,Oregon-Health-and-Science-University,grid.5288.7
http://www.wikidata.org/entity/Q309331,The-Ohio-State-University---Columbus,grid.261331.4
http://www.wikidata.org/entity/Q309988,Karlsruhe-Institute-of-Technology-(KIT),grid.7892.4
http://www.wikidata.org/entity/Q317032,University-of-Duesseldorf,grid.411327.2
http://www.wikidata.org/entity/Q333705,Technion-Israel-Institute-of-Technology,grid.6451.6
http://www.wikidata.org/entity/Q392904,Polytechnic-Institute-of-Milan,grid.4643.5
http://www.wikidata.org/entity/Q422208,University-of-Wageningen,grid.4818.5
http://www.wikidata.org/entity/Q432637,The-George-Washington-University,grid.253615.6
http://www.wikidata.org/entity/Q457281,University-of-Illinois-at-Urbana-Champaign,grid.35403.31
http://www.wikidata.org/entity/Q495911,Soochow-University-(China),grid.445078.a
http://www.wikidata.org/entity/Q499451,Rutgers-The-State-University-of-New-Jersey---New-Brunswick,grid.430387.b
http://www.wikidata.org/entity/Q531285,The-University-of-Newcastle-Australia,grid.266842.c
http://www.wikidata.org/entity/Q547867,National-and-Kapodistrian-University-of-Athens,grid.5216.0
http://www.wikidata.org/entity/Q574606,Université-libre-de-Bruxelles-(ULB),grid.4989.c
http://www.wikidata.org/entity/Q579321,Dalhousie-University,grid.55602.34
http://www.wikidata.org/entity/Q601956,Aalborg-University,grid.5117.2
http://www.wikidata.org/entity/Q645663,University-of-Pisa,grid.5395.a
http://www.wikidata.org/entity/Q681025,University-at-Buffalo-the-State-University-of-New-York,grid.273335.3
http://www.wikidata.org/entity/Q700731,Medical-University-of-Vienna,grid.22937.3d
http://www.wikidata.org/entity/Q706177,China-Medical-University-(Taichung),grid.254145.3
http://www.wikidata.org/entity/Q718328,National-Yang-Ming-University,grid.260770.4
http://www.wikidata.org/entity/Q734764,The-University-of-New-South-Wales,grid.1005.4
http://www.wikidata.org/entity/Q736674,University-of-Colorado-at-Boulder,grid.266190.a
http://www.wikidata.org/entity/Q737332,Ben-Gurion-University-of-the-Negev,grid.7489.2
http://www.wikidata.org/entity/Q739627,Pennsylvania-State-University---University-Park,grid.29857.31
http://www.wikidata.org/entity/Q782600,Linkoping-University,grid.5640.7
http://www.wikidata.org/entity/Q787360,City-University-of-Hong-Kong,grid.35030.35
http://www.wikidata.org/entity/Q823917,The-University-of-Sheffield,grid.11835.3e
http://www.wikidata.org/entity/Q834857,Chongqing-University,grid.190737.b
http://www.wikidata.org/entity/Q838330,University-of-Wisconsin---Madison,grid.14003.36
http://www.wikidata.org/entity/Q932411,Brunel-University,grid.7728.a
http://www.wikidata.org/entity/Q948720,Indian-Institute-of-Science,grid.34980.36
http://www.wikidata.org/entity/Q1057199,Hokkaido-University,grid.39158.36
http://www.wikidata.org/entity/Q1061104,University-of-California-San-Francisco,grid.266102.1
http://www.wikidata.org/entity/Q1067916,Okayama-University,grid.261356.5
http://www.wikidata.org/entity/Q1067935,Laval-University,grid.23856.3a
http://www.wikidata.org/entity/Q1068072,University-of-Delaware,grid.33489.35
http://www.wikidata.org/entity/Q1111640,Colorado-State-University,grid.47894.36
http://www.wikidata.org/entity/Q1129925,Catholic-University-of-Chile,grid.7870.8
http://www.wikidata.org/entity/Q1144262,Western-University,grid.39381.30
http://www.wikidata.org/entity/Q1144549,Pierre-and-Marie-Curie-University---Paris-6,grid.5805.8
http://www.wikidata.org/entity/Q1144565,Umea-University,grid.12650.30
http://www.wikidata.org/entity/Q1145731,University-of-Technology-Sydney,grid.117476.2
http://www.wikidata.org/entity/Q1185955,University-of-Nevada---Reno,grid.266818.3
http://www.wikidata.org/entity/Q1187271,The-Hong-Kong-Polytechnic-University,grid.16890.36
http://www.wikidata.org/entity/Q1188786,Kyushu-University,grid.177174.3
http://www.wikidata.org/entity/Q1190812,The-University-of-New-Mexico---Albuquerque,grid.266832.b
http://www.wikidata.org/entity/Q1191132,Nagoya-University,grid.27476.30
http://www.wikidata.org/entity/Q1235608,University-Paris-Diderot---Paris-7,grid.7452.4
http://www.wikidata.org/entity/Q1249005,The-University-of-Dundee,grid.8241.f
http://www.wikidata.org/entity/Q1273188,Paul-Sabatier-University-(Toulouse-3),grid.15781.3a
http://www.wikidata.org/entity/Q1321803,Chiba-University,grid.136304.3
http://www.wikidata.org/entity/Q1333303,The-Hong-Kong-University-of-Science-and-Technology,grid.24515.37
http://www.wikidata.org/entity/Q1334582,University-of-Liege,grid.4861.b
http://www.wikidata.org/entity/Q1432030,Jilin-University,grid.64924.3d
http://www.wikidata.org/entity/Q1432632,The-University-of-Reading,grid.9435.b
http://www.wikidata.org/entity/Q1444125,National-University-of-Malaysia,grid.412113.4
http://www.wikidata.org/entity/Q1463036,King-Abdullah-University-of-Science-and-Technology,grid.45672.32
http://www.wikidata.org/entity/Q1481050,London-Business-School,grid.14868.33
http://www.wikidata.org/entity/Q1525831,The-University-of-Texas-M-D-Anderson-Cancer-Center,grid.240145.6
http://www.wikidata.org/entity/Q1546437,Paris-Dauphine-University-(Paris-9),grid.11024.36
http://www.wikidata.org/entity/Q1634522,University-of-Quebec-Montreal,grid.38678.32
http://www.wikidata.org/entity/Q1781394,The-University-of-Texas-at-Dallas,grid.267323.1
http://www.wikidata.org/entity/Q1804773,Nanjing-Agricultural-University,grid.27871.3b
http://www.wikidata.org/entity/Q2000129,University-of-Hawaii-at-Manoa,grid.410445.0
http://www.wikidata.org/entity/Q2031560,Tianjin-University,grid.33763.32
http://www.wikidata.org/entity/Q2281517,Sichuan-University,grid.13291.38
http://www.wikidata.org/entity/Q2725999,The-University-of-Texas-Southwestern-Medical-Center-at-Dallas,grid.267313.2
http://www.wikidata.org/entity/Q3246712,State-University-of-New-York-Health-Science-Center-at-Brooklyn,grid.262863.b
http://www.wikidata.org/entity/Q3297997,SUNY-Upstate-Medical-University,grid.411023.5
http://www.wikidata.org/entity/Q3348434,Universidad-Andrés-Bello,grid.412848.3
http://www.wikidata.org/entity/Q3551649,Second-University-of-Naples,grid.9841.4
http://www.wikidata.org/entity/Q3551770,Southeast-University,grid.263826.b
http://www.wikidata.org/entity/Q4005868,The-University-of-Texas-Health-Science-Center-at-San-Antonio,grid.267309.9
http://www.wikidata.org/entity/Q4475799,Lanzhou-University,grid.32566.34
http://www.wikidata.org/entity/Q5035687,Capital-Medical-University,grid.24696.3f
http://www.wikidata.org/entity/Q5061828,Central-South-University,grid.216417.7
http://www.wikidata.org/entity/Q5099779,China-Medical-University-(Shenyang),grid.412449.e
http://www.wikidata.org/entity/Q5440482,Federal-University-of-Sao-Carlos,grid.411247.5
http://www.wikidata.org/entity/Q7895715,University-of-Massachusetts-Medical-School---Worcester,grid.168645.8
http://www.wikidata.org/entity/Q7896431,The-University-of-Texas-Health-Science-Center-at-Houston,grid.267308.8
http://www.wikidata.org/entity/Q24676,Miguel-Hernandez-University-of-Elche,grid.26811.3c
http://www.wikidata.org/entity/Q25864,Polytechnic-University-of-Madrid,grid.5690.a
http://www.wikidata.org/entity/Q29718,Universitat-Jaume-I,grid.9612.c
http://www.wikidata.org/entity/Q39988,Yonsei-University,grid.15444.30
http://www.wikidata.org/entity/Q50662,University-of-Frankfurt,grid.7839.5
http://www.wikidata.org/entity/Q132140,Federal-University-of-Minas-Gerais,grid.8430.f
http://www.wikidata.org/entity/Q183170,The-University-of-Texas-at-San-Antonio,grid.215352.2
http://www.wikidata.org/entity/Q267111,Niigata-University,grid.260975.f
http://www.wikidata.org/entity/Q310695,Technical-University-Darmstadt,grid.6546.1
http://www.wikidata.org/entity/Q315658,University-of-Wroclaw,grid.8505.8
http://www.wikidata.org/entity/Q348402,Adam-Mickiewicz-University,grid.5633.3
http://www.wikidata.org/entity/Q390287,Eotvos-Lorand-University,grid.5591.8
http://www.wikidata.org/entity/Q482659,Inje-university,grid.411612.1
http://www.wikidata.org/entity/Q488851,INHA-University,grid.202119.9
http://www.wikidata.org/entity/Q489488,Chungnam-National-University,grid.254230.2
http://www.wikidata.org/entity/Q492318,The-University-of-Alabama---Tuscaloosa,grid.411015.0
http://www.wikidata.org/entity/Q494681,Chonnam-National-University,grid.14005.30
http://www.wikidata.org/entity/Q541548,University-of-Neuchatel,grid.10711.36
http://www.wikidata.org/entity/Q546118,Paris-Sorbonne-University,grid.46900.3b
http://www.wikidata.org/entity/Q574571,University-of-Regensburg,grid.7727.5
http://www.wikidata.org/entity/Q578326,University-of-Jyvaskyla,grid.9681.6
http://www.wikidata.org/entity/Q590201,University-of-Toulouse-1,grid.22147.32
http://www.wikidata.org/entity/Q612665,Vrije-Universiteit-Brussel-(VUB),grid.8767.e
http://www.wikidata.org/entity/Q623851,Chonbuk-National-University,grid.411545.0
http://www.wikidata.org/entity/Q640652,University-of-Oklahoma---Norman,grid.266900.b
http://www.wikidata.org/entity/Q662131,Hohai-University,grid.257065.3
http://www.wikidata.org/entity/Q684783,Kanazawa-University,grid.9707.9
http://www.wikidata.org/entity/Q686772,Medical-University-of-Innsbruck,grid.5361.1
http://www.wikidata.org/entity/Q689617,University-of-Italian-speaking-Switzerland,grid.29078.34
http://www.wikidata.org/entity/Q701818,Taipei-Medical-University,grid.412896.0
http://www.wikidata.org/entity/Q726595,University-of-Rennes-1,grid.410368.8
http://www.wikidata.org/entity/Q734010,University-of-Cordoba,grid.411901.c
http://www.wikidata.org/entity/Q735049,University-of-Maryland-Baltimore-County,grid.266673.0
http://www.wikidata.org/entity/Q743615,University-of-Tsukuba,grid.20515.33
http://www.wikidata.org/entity/Q766447,Federal-University-of-Rio-Grande-do-Sul,grid.8532.c
http://www.wikidata.org/entity/Q772421,St-Georges-Hospital-Medical-School,grid.264200.2
http://www.wikidata.org/entity/Q847117,Meijo-University,grid.259879.8
http://www.wikidata.org/entity/Q847993,Macau-University-of-Science-and-Technology,grid.259384.1
http://www.wikidata.org/entity/Q858662,Indian-Institute-of-Technology-Madras,grid.417969.4
http://www.wikidata.org/entity/Q941806,University-of-Castilla–La-Mancha,grid.8048.4
http://www.wikidata.org/entity/Q955609,University-of-Ferrara,grid.8484.0
http://www.wikidata.org/entity/Q967165,University-of-York,grid.5685.e
http://www.wikidata.org/entity/Q985808,Northwest-AF-University,grid.144022.1
http://www.wikidata.org/entity/Q1031803,University-of-Roma---Tor-Vergata,grid.6530.0
http://www.wikidata.org/entity/Q1048626,Lincoln-University,grid.16488.33
http://www.wikidata.org/entity/Q1057890,RMIT-University,grid.1017.7
http://www.wikidata.org/entity/Q1070333,University-of-Arkansas-at-Fayetteville,grid.411017.2
http://www.wikidata.org/entity/Q1073674,University-of-Milan---Bicocca,grid.7563.7
http://www.wikidata.org/entity/Q1141452,University-of-Western-Sydney,grid.1029.a
http://www.wikidata.org/entity/Q1148782,Kumamoto-University,grid.274841.c
http://www.wikidata.org/entity/Q1153539,Xiamen-University,grid.12955.3a
http://www.wikidata.org/entity/Q1194650,Indian-Institute-of-Technology-Delhi,grid.417967.a
http://www.wikidata.org/entity/Q1230739,The-University-of-Texas-at-Arlington,grid.267315.4
http://www.wikidata.org/entity/Q1232831,Federal-University-of-Parana,grid.20736.30
http://www.wikidata.org/entity/Q1235258,Dokuz-Eylul-University,grid.21200.31
http://www.wikidata.org/entity/Q1236136,University-of-Bari,grid.7644.1
http://www.wikidata.org/entity/Q1243705,University-of-Modena-and-Reggio-Emilia,grid.7548.e
http://www.wikidata.org/entity/Q1285262,University-of-Alaska---Fairbanks,grid.70738.3b
http://www.wikidata.org/entity/Q1330634,University-of-Brasília,grid.7632.0
http://www.wikidata.org/entity/Q1343386,Shanghai-University,grid.39436.3b
http://www.wikidata.org/entity/Q1346135,The-University-of-Akron,grid.265881.0
http://www.wikidata.org/entity/Q1363559,Northeastern-University-(Shenyang),grid.412252.2
http://www.wikidata.org/entity/Q1367256,Moscow-Institute-of-Physics-and-Technology,grid.18763.3b
http://www.wikidata.org/entity/Q1433199,Indiana-University-Purdue-University-at-Indianapolis,grid.257413.6
http://www.wikidata.org/entity/Q1458579,University-Putra-Malaysia,grid.11142.37
http://www.wikidata.org/entity/Q1516684,University-of-Kent,grid.9759.2
http://www.wikidata.org/entity/Q1539696,National-Polytechnic-Institute,grid.418275.d
http://www.wikidata.org/entity/Q1570489,National-University-of-Cordoba,grid.10692.3c
http://www.wikidata.org/entity/Q1637611,Palacký-University,grid.10979.36
http://www.wikidata.org/entity/Q1661243,Indian-Institute-of-Technology-Kharagpur,grid.429017.9
http://www.wikidata.org/entity/Q1814435,University-of-New-England,grid.1020.3
http://www.wikidata.org/entity/Q1851075,Federal-University-of-Santa-Catarina,grid.411237.2
http://www.wikidata.org/entity/Q1861687,Montana-State-University,grid.41891.35
http://www.wikidata.org/entity/Q1945756,Shenzhen-University,grid.263488.3
http://www.wikidata.org/entity/Q2060678,University-of-Campinas,grid.411087.b
http://www.wikidata.org/entity/Q2075365,University-of-Puerto-Rico,grid.267033.3
http://www.wikidata.org/entity/Q2322256,Federal-University-of-Pernambuco,grid.411227.3
http://www.wikidata.org/entity/Q2983844,The-Graduate-University-for-Advanced-Studies,grid.275033.0
http://www.wikidata.org/entity/Q3104287,University-of-Regina,grid.57926.3f
http://www.wikidata.org/entity/Q3133193,University-Rovira-i-Virgili,grid.410367.7
http://www.wikidata.org/entity/Q3244340,Juntendo-University,grid.258269.2
http://www.wikidata.org/entity/Q3338511,Wenzhou-Medical-University,grid.268099.c
http://www.wikidata.org/entity/Q4116241,King-Fahd-University-of-Petroleum--Minerals,grid.412135.0
http://www.wikidata.org/entity/Q4380853,Missouri-University-of-Science-and-Technology,grid.260128.f
http://www.wikidata.org/entity/Q4384447,Federal-University-of-Sao-Paulo,grid.411249.b
http://www.wikidata.org/entity/Q4961841,Brescia-University,grid.441285.e
http://www.wikidata.org/entity/Q5099853,China-Pharmaceutical-University,grid.254147.1
http://www.wikidata.org/entity/Q5104661,Chongqing-Medical-University,grid.203458.8
http://www.wikidata.org/entity/Q5476138,Fourth-Military-Medical-University,grid.233520.5
http://www.wikidata.org/entity/Q6079807,Isfahan-University-of-Technology,grid.411751.7
http://www.wikidata.org/entity/Q6191676,Jiangnan-University,grid.258151.a
http://www.wikidata.org/entity/Q6963668,Nanjing-Medical-University,grid.89957.3a
http://www.wikidata.org/entity/Q6963692,Nanjing-University-of-Information-Science--Technology,grid.260478.f
http://www.wikidata.org/entity/Q7443422,The-Second-Military-Medical-University,grid.73113.37
http://www.wikidata.org/entity/Q7568723,Southern-University-of-Science-and-Technology,grid.263817.9
http://www.wikidata.org/entity/Q7570129,Southern-Medical-University,grid.284723.8
http://www.wikidata.org/entity/Q7895888,University-of-Nebraska-Medical-Center,grid.266813.8
http://www.wikidata.org/entity/Q10906760,NanJing-Tech-University,grid.412022.7
http://www.wikidata.org/entity/Q15899144,China-University-of-Petroleum---Beijing,grid.411519.9
http://www.wikidata.org/entity/Q19203245,CENTRALESUPELEC,grid.494567.d
