item,QS_World_University_ID,GRID_ID
http://www.wikidata.org/entity/Q11942,eth-zurich-swiss-federal-institute-technology,grid.5801.c
http://www.wikidata.org/entity/Q15142,university-massachusetts-amherst,grid.266683.f
http://www.wikidata.org/entity/Q16955,tsinghua-university,grid.12527.33
http://www.wikidata.org/entity/Q29673,university-minho,grid.10328.38
http://www.wikidata.org/entity/Q31249,kansas-state-university,grid.36567.31
http://www.wikidata.org/entity/Q32751,national-sun-yat-sen-university,grid.412036.2
http://www.wikidata.org/entity/Q34433,university-oxford,grid.4991.5
http://www.wikidata.org/entity/Q35794,university-cambridge,grid.5335.0
http://www.wikidata.org/entity/Q37548,northeastern-university,grid.261112.7
http://www.wikidata.org/entity/Q49117,university-pennsylvania,grid.25879.31
http://www.wikidata.org/entity/Q143451,university-central-florida,grid.170430.1
http://www.wikidata.org/entity/Q149990,university-rochester,grid.16416.34
http://www.wikidata.org/entity/Q152087,humboldt-universitat-zu-berlin,grid.7468.d
http://www.wikidata.org/entity/Q152171,rheinische-friedrich-wilhelms-universitat-bonn,grid.10388.32
http://www.wikidata.org/entity/Q153978,eberhard-karls-universitat-tubingen,grid.10392.39
http://www.wikidata.org/entity/Q186285,university-copenhagen,grid.5254.6
http://www.wikidata.org/entity/Q193510,universita-di-padova,grid.5608.b
http://www.wikidata.org/entity/Q216273,university-st-andrews,grid.11914.3c
http://www.wikidata.org/entity/Q235034,university-pittsburgh,grid.21925.3d
http://www.wikidata.org/entity/Q245247,kings-college-london,grid.13097.3c
http://www.wikidata.org/entity/Q273626,ecole-polytechnique,grid.10877.39
http://www.wikidata.org/entity/Q286744,universidad-de-monterrey-udem,grid.440451.0
http://www.wikidata.org/entity/Q319239,tel-aviv-university,grid.12136.37
http://www.wikidata.org/entity/Q406402,university-mumbai,grid.44871.3e
http://www.wikidata.org/entity/Q457793,universidad-tecnica-federico-santa-maria-usm,grid.12148.3e
http://www.wikidata.org/entity/Q472316,university-nottingham,grid.4563.4
http://www.wikidata.org/entity/Q487556,university-sydney,grid.1013.3
http://www.wikidata.org/entity/Q499510,university-liverpool,grid.10025.36
http://www.wikidata.org/entity/Q503415,university-maryland-college-park,grid.164295.d
http://www.wikidata.org/entity/Q510029,birzeit-university,grid.22532.34
http://www.wikidata.org/entity/Q534515,universitas-indonesia,grid.9581.5
http://www.wikidata.org/entity/Q568554,universite-de-caen-basse-normandie,grid.412043.0
http://www.wikidata.org/entity/Q622664,university-california-san-diego-ucsd,grid.266100.3
http://www.wikidata.org/entity/Q633529,erasmus-university-rotterdam,grid.6906.9
http://www.wikidata.org/entity/Q651233,osaka-university,grid.136593.b
http://www.wikidata.org/entity/Q678982,leibniz-universitat-hannover,grid.9122.8
http://www.wikidata.org/entity/Q682739,johannes-kepler-university-linz,grid.9970.7
http://www.wikidata.org/entity/Q683580,nanjing-university,grid.41156.37
http://www.wikidata.org/entity/Q734324,technische-universitat-braunschweig,grid.6738.a
http://www.wikidata.org/entity/Q737835,university-tehran,grid.46072.37
http://www.wikidata.org/entity/Q763586,masaryk-university,grid.10267.32
http://www.wikidata.org/entity/Q854280,kth-royal-institute-technology,grid.5037.1
http://www.wikidata.org/entity/Q866012,university-queensland,grid.1003.2
http://www.wikidata.org/entity/Q913861,san-diego-state-university,grid.263081.e
http://www.wikidata.org/entity/Q972553,universidad-autonoma-metropolitana-uam,grid.7220.7
http://www.wikidata.org/entity/Q981237,xian-jiaotong-university,grid.43169.39
http://www.wikidata.org/entity/Q1045828,university-east-anglia-uea,grid.8273.e
http://www.wikidata.org/entity/Q1048898,university-vermont,grid.59062.38
http://www.wikidata.org/entity/Q1049470,university-waterloo,grid.46078.3d
http://www.wikidata.org/entity/Q1053303,universidad-industrial-de-santander-uis,grid.411595.d
http://www.wikidata.org/entity/Q1066492,stellenbosch-university,grid.11956.3a
http://www.wikidata.org/entity/Q1067471,university-calgary,grid.22072.35
http://www.wikidata.org/entity/Q1068258,university-college-dublin,grid.7886.1
http://www.wikidata.org/entity/Q1076209,universidad-nacional-de-cuyo,grid.412108.e
http://www.wikidata.org/entity/Q1094046,city-university-london,grid.28577.3f
http://www.wikidata.org/entity/Q1137665,ghent-university,grid.5342.0
http://www.wikidata.org/entity/Q1145497,curtin-university,grid.1032.0
http://www.wikidata.org/entity/Q1161297,university-sussex,grid.12082.39
http://www.wikidata.org/entity/Q1248821,catania-university,grid.8158.4
http://www.wikidata.org/entity/Q1316229,universidad-diego-portales-udp,grid.412193.c
http://www.wikidata.org/entity/Q1329478,czech-technical-university-prague,grid.6652.7
http://www.wikidata.org/entity/Q1333933,universidad-torcuato-di-tella,grid.440496.b
http://www.wikidata.org/entity/Q1336952,university-brawijaya,grid.411744.3
http://www.wikidata.org/entity/Q1353679,university-nebraska-lincoln,grid.24434.35
http://www.wikidata.org/entity/Q1357517,university-oulu,grid.10858.34
http://www.wikidata.org/entity/Q1379834,peter-great-saint-petersburg-polytechnic-university,grid.32495.39
http://www.wikidata.org/entity/Q1509333,georgia-state-university,grid.256304.6
http://www.wikidata.org/entity/Q1514597,universidad-de-las-americas-puebla-udlap,grid.440458.9
http://www.wikidata.org/entity/Q1514848,university-saskatchewan,grid.25152.31
http://www.wikidata.org/entity/Q1517021,university-western-australia,grid.1012.2
http://www.wikidata.org/entity/Q1546014,universidad-de-valparaiso-uv,grid.412185.b
http://www.wikidata.org/entity/Q1549932,university-punjab,grid.11173.35
http://www.wikidata.org/entity/Q1569421,universidad-de-los-andes,grid.7247.6
http://www.wikidata.org/entity/Q1640726,national-technical-university-athens,grid.4241.3
http://www.wikidata.org/entity/Q1640731,universitat-politecnica-de-catalunya,grid.6835.8
http://www.wikidata.org/entity/Q1751060,university-trieste,grid.5133.4
http://www.wikidata.org/entity/Q1780816,university-albany-suny,grid.265850.c
http://www.wikidata.org/entity/Q1869028,london-metropolitan-university,grid.23231.31
http://www.wikidata.org/entity/Q1959511,national-research-university-higher-school-economics-hse-university,grid.410682.9
http://www.wikidata.org/entity/Q1998811,north-west-university,grid.25881.36
http://www.wikidata.org/entity/Q2065769,university-windsor,grid.267455.7
http://www.wikidata.org/entity/Q2096524,ulster-university,grid.12641.30
http://www.wikidata.org/entity/Q2303536,virginia-commonwealth-university,grid.224260.0
http://www.wikidata.org/entity/Q2738622,university-salford,grid.8752.8
http://www.wikidata.org/entity/Q3135913,savitribai-phule-pune-university,grid.32056.32
http://www.wikidata.org/entity/Q3182943,bournemouth-university,grid.17236.31
http://www.wikidata.org/entity/Q3298919,vellore-institute-technology-vit,grid.412813.d
http://www.wikidata.org/entity/Q3732873,escuela-superior-politecnica-del-litoral-espol,grid.442143.4
http://www.wikidata.org/entity/Q3997314,universidad-eafit,grid.448637.a
http://www.wikidata.org/entity/Q4823399,universidad-austral,grid.412850.a
http://www.wikidata.org/entity/Q5174858,instituto-tecnologico-de-costa-rica-tec,grid.441034.6
http://www.wikidata.org/entity/Q5242548,universidad-de-san-andres-udesa,grid.441741.3
http://www.wikidata.org/entity/Q6979260,universidad-nacional-de-mar-del-plata,grid.412221.6
http://www.wikidata.org/entity/Q7894232,universidad-anahuac,grid.412847.c
http://www.wikidata.org/entity/Q7894273,universidad-externado-de-colombia,grid.442169.c
http://www.wikidata.org/entity/Q7894286,universidad-metropolitana,grid.442100.3
http://www.wikidata.org/entity/Q7894343,universidad-del-norte,grid.412188.6
http://www.wikidata.org/entity/Q7895617,universidad-de-la-sabana,grid.412166.6
http://www.wikidata.org/entity/Q13139758,lahore-university-management-sciences-lums,grid.440540.1
http://www.wikidata.org/entity/Q21574120,samara-national-research-university-samara-university,grid.79011.3e
http://www.wikidata.org/entity/Q40006,hanyang-university,grid.49606.3d
http://www.wikidata.org/entity/Q49120,tufts-university,grid.429997.8
http://www.wikidata.org/entity/Q51985,technische-universitat-berlin-tu-berlin,grid.6734.6
http://www.wikidata.org/entity/Q65379,virginia-polytechnic-institute-state-university,grid.438526.e
http://www.wikidata.org/entity/Q76473,university-southampton,grid.5491.9
http://www.wikidata.org/entity/Q152838,university-gottingen,grid.7450.6
http://www.wikidata.org/entity/Q157575,universite-de-strasbourg,grid.11843.3f
http://www.wikidata.org/entity/Q160302,university-edinburgh,grid.4305.2
http://www.wikidata.org/entity/Q164028,universidad-de-guadalajara-udg,grid.412890.6
http://www.wikidata.org/entity/Q165980,university-vienna,grid.10420.37
http://www.wikidata.org/entity/Q174570,london-school-economics-political-science-lse,grid.13063.37
http://www.wikidata.org/entity/Q189022,imperial-college-london,grid.7445.2
http://www.wikidata.org/entity/Q192775,university-glasgow,grid.8756.c
http://www.wikidata.org/entity/Q196544,aligarh-muslim-university-amu-aligarh,grid.411340.3
http://www.wikidata.org/entity/Q197543,zhejiang-university,grid.13402.34
http://www.wikidata.org/entity/Q217741,purdue-university,grid.169077.e
http://www.wikidata.org/entity/Q218506,lund-university,grid.4514.4
http://www.wikidata.org/entity/Q220144,soas-university-london,grid.22631.34
http://www.wikidata.org/entity/Q230899,university-manchester,grid.5379.8
http://www.wikidata.org/entity/Q262663,university-san-diego,grid.267102.0
http://www.wikidata.org/entity/Q262760,epfl-ecole-polytechnique-federale-de-lausanne,grid.5333.6
http://www.wikidata.org/entity/Q273523,ecole-des-ponts-paristech,grid.424447.5
http://www.wikidata.org/entity/Q273535,hec-paris-school-management,grid.434184.e
http://www.wikidata.org/entity/Q274486,waseda-university,grid.5290.e
http://www.wikidata.org/entity/Q279724,university-tromso-arctic-university-norway,grid.10919.30
http://www.wikidata.org/entity/Q280247,universidade-federal-fluminense,grid.411173.1
http://www.wikidata.org/entity/Q314536,norwegian-university-science-technology,grid.5947.f
http://www.wikidata.org/entity/Q319078,university-melbourne,grid.1008.9
http://www.wikidata.org/entity/Q368643,university-coimbra,grid.8051.c
http://www.wikidata.org/entity/Q378134,universite-catholique-de-louvain-ucl,grid.7942.8
http://www.wikidata.org/entity/Q391028,university-british-columbia,grid.17091.3e
http://www.wikidata.org/entity/Q392667,wake-forest-university,grid.241167.7
http://www.wikidata.org/entity/Q392897,politecnico-di-torino,grid.4800.c
http://www.wikidata.org/entity/Q458393,durham-university,grid.8250.f
http://www.wikidata.org/entity/Q475700,university-western-cape,grid.8974.2
http://www.wikidata.org/entity/Q488334,university-seoul,grid.267134.5
http://www.wikidata.org/entity/Q491711,sejong-university,grid.263333.4
http://www.wikidata.org/entity/Q491717,university-ulsan,grid.267370.7
http://www.wikidata.org/entity/Q492467,university-auckland,grid.9654.e
http://www.wikidata.org/entity/Q496536,kyung-hee-university,grid.289247.2
http://www.wikidata.org/entity/Q519427,university-denver,grid.266239.a
http://www.wikidata.org/entity/Q579968,university-missouri-columbia,grid.134936.a
http://www.wikidata.org/entity/Q597236,washington-state-university,grid.30064.31
http://www.wikidata.org/entity/Q600634,pontificia-universidade-catolica-do-rio-grande-do-sul-pucrs,grid.412519.a
http://www.wikidata.org/entity/Q604629,bi-norwegian-business-school,grid.413074.5
http://www.wikidata.org/entity/Q606140,university-waikato,grid.49481.30
http://www.wikidata.org/entity/Q611723,ryerson-university,grid.68312.3e
http://www.wikidata.org/entity/Q611995,universidad-adolfo-ibanez,grid.440617.0
http://www.wikidata.org/entity/Q622137,lehigh-university,grid.259029.5
http://www.wikidata.org/entity/Q627969,university-ottawa,grid.28046.38
http://www.wikidata.org/entity/Q630226,university-pacific,grid.254662.1
http://www.wikidata.org/entity/Q649998,university-nairobi,grid.10604.33
http://www.wikidata.org/entity/Q657222,stevens-institute-technology,grid.217309.e
http://www.wikidata.org/entity/Q689462,universidad-iberoamericana-ibero,grid.441047.2
http://www.wikidata.org/entity/Q702482,university-bayreuth,grid.7384.8
http://www.wikidata.org/entity/Q738236,national-university-singapore-nus,grid.4280.e
http://www.wikidata.org/entity/Q741082,macquarie-university,grid.1004.5
http://www.wikidata.org/entity/Q841581,sofia-university-st-kliment-ohridski,grid.11355.33
http://www.wikidata.org/entity/Q842909,rice-university,grid.21940.3e
http://www.wikidata.org/entity/Q859363,sciences-po,grid.451239.8
http://www.wikidata.org/entity/Q861888,oregon-state-university,grid.4391.f
http://www.wikidata.org/entity/Q864855,georgia-institute-technology,grid.213917.f
http://www.wikidata.org/entity/Q865528,university-warwick,grid.7372.1
http://www.wikidata.org/entity/Q924265,aarhus-university,grid.7048.b
http://www.wikidata.org/entity/Q951305,university-cape-town,grid.7836.a
http://www.wikidata.org/entity/Q961612,universidad-de-montevideo-um,grid.442043.5
http://www.wikidata.org/entity/Q963530,university-stirling,grid.11918.30
http://www.wikidata.org/entity/Q1035745,cardiff-university,grid.5600.3
http://www.wikidata.org/entity/Q1047293,university-california-santa-cruz,grid.205975.c
http://www.wikidata.org/entity/Q1048851,katz-school-yeshiva-university,grid.268433.8
http://www.wikidata.org/entity/Q1053985,central-queensland-university,grid.1023.0
http://www.wikidata.org/entity/Q1062129,tohoku-university,grid.69566.3a
http://www.wikidata.org/entity/Q1075339,ohio-university,grid.20627.31
http://www.wikidata.org/entity/Q1108197,wuhan-university,grid.49470.3e
http://www.wikidata.org/entity/Q1142924,universiti-malaya-um,grid.10347.31
http://www.wikidata.org/entity/Q1143396,osaka-city-university,grid.261445.0
http://www.wikidata.org/entity/Q1145306,university-calcutta,grid.59056.3f
http://www.wikidata.org/entity/Q1150105,university-tennessee-knoxville,grid.411461.7
http://www.wikidata.org/entity/Q1192597,kobe-university,grid.31432.37
http://www.wikidata.org/entity/Q1201513,university-otago,grid.29980.3a
http://www.wikidata.org/entity/Q1245999,university-siena,grid.9024.f
http://www.wikidata.org/entity/Q1333399,university-leicester,grid.9918.9
http://www.wikidata.org/entity/Q1345942,university-east-london,grid.60969.30
http://www.wikidata.org/entity/Q1420038,queens-university-kingston,grid.410356.5
http://www.wikidata.org/entity/Q1422458,university-bath,grid.7340.0
http://www.wikidata.org/entity/Q1458113,university-victoria,grid.143640.4
http://www.wikidata.org/entity/Q1610024,heriot-watt-university,grid.9531.e
http://www.wikidata.org/entity/Q1640648,university-canberra,grid.1039.b
http://www.wikidata.org/entity/Q1745633,university-hertfordshire,grid.5846.f
http://www.wikidata.org/entity/Q1815710,de-la-salle-university,grid.411987.2
http://www.wikidata.org/entity/Q1817137,unesp,grid.410543.7
http://www.wikidata.org/entity/Q1979891,universidade-nova-de-lisboa,grid.10772.33
http://www.wikidata.org/entity/Q2096604,sharif-university-technology,grid.412553.4
http://www.wikidata.org/entity/Q2297486,universita-degli-studi-roma-tre,grid.8509.4
http://www.wikidata.org/entity/Q2299797,beihang-university-former-buaa,grid.64939.31
http://www.wikidata.org/entity/Q2302336,university-montana-missoula,grid.253613.0
http://www.wikidata.org/entity/Q2531629,verona-university,grid.5611.3
http://www.wikidata.org/entity/Q2744209,university-portsmouth,grid.4701.2
http://www.wikidata.org/entity/Q4746980,amity-university,grid.444644.2
http://www.wikidata.org/entity/Q6156516,ulacit-universidad-latinoamericana-de-ciencia-y-tecnologia-costa-rica,grid.441199.0
http://www.wikidata.org/entity/Q13164,lomonosov-moscow-state-university,grid.14476.30
http://www.wikidata.org/entity/Q16952,peking-university,grid.11135.37
http://www.wikidata.org/entity/Q23101,beijing-institute-technology,grid.43555.32
http://www.wikidata.org/entity/Q24401,universiti-teknologi-malaysia,grid.410877.d
http://www.wikidata.org/entity/Q39997,korea-university,grid.222754.4
http://www.wikidata.org/entity/Q46210,university-milan,grid.4708.b
http://www.wikidata.org/entity/Q49204,smith-college,grid.263724.6
http://www.wikidata.org/entity/Q49207,university-new-hampshire,grid.167436.1
http://www.wikidata.org/entity/Q49211,rensselaer-polytechnic-institute,grid.33647.35
http://www.wikidata.org/entity/Q55044,ludwig-maximilians-universitat-munchen,grid.5252.0
http://www.wikidata.org/entity/Q127990,australian-national-university,grid.1001.0
http://www.wikidata.org/entity/Q131262,alma-mater-studiorum-university-bologna,grid.6292.f
http://www.wikidata.org/entity/Q137503,university-lodz,grid.10789.37
http://www.wikidata.org/entity/Q144488,university-warsaw,grid.12847.38
http://www.wikidata.org/entity/Q153265,university-cincinnati,grid.24827.3b
http://www.wikidata.org/entity/Q155354,philipps-universitat-marburg,grid.10253.35
http://www.wikidata.org/entity/Q158158,technische-universitat-dresden,grid.4488.0
http://www.wikidata.org/entity/Q159895,universitat-rostock,grid.10493.3f
http://www.wikidata.org/entity/Q178972,sun-yat-sen-university,grid.12981.33
http://www.wikidata.org/entity/Q181177,cranfield-university,grid.12026.37
http://www.wikidata.org/entity/Q188370,marquette-university,grid.259670.f
http://www.wikidata.org/entity/Q195668,queen-mary-university-london,grid.4868.2
http://www.wikidata.org/entity/Q214341,university-amsterdam,grid.7177.6
http://www.wikidata.org/entity/Q221645,stockholm-university,grid.10548.38
http://www.wikidata.org/entity/Q238101,university-minnesota,grid.17635.36
http://www.wikidata.org/entity/Q262854,lancaster-university,grid.9835.7
http://www.wikidata.org/entity/Q317053,justus-liebig-university-giessen,grid.8664.c
http://www.wikidata.org/entity/Q326342,concordia-university,grid.410319.e
http://www.wikidata.org/entity/Q336264,kyoto-university,grid.258799.8
http://www.wikidata.org/entity/Q372608,university-basel,grid.6612.3
http://www.wikidata.org/entity/Q459506,university-bristol,grid.5337.2
http://www.wikidata.org/entity/Q495015,fudan-university,grid.8547.e
http://www.wikidata.org/entity/Q501841,university-turku,grid.1374.1
http://www.wikidata.org/entity/Q503473,university-geneva,grid.8591.5
http://www.wikidata.org/entity/Q525169,shanghai-jiao-tong-university,grid.16821.3c
http://www.wikidata.org/entity/Q531285,university-newcastle-australia-uon,grid.266842.c
http://www.wikidata.org/entity/Q536512,james-cook-university,grid.1011.1
http://www.wikidata.org/entity/Q593321,university-genoa,grid.5606.5
http://www.wikidata.org/entity/Q599316,new-school,grid.264933.9
http://www.wikidata.org/entity/Q601956,aalborg-university,grid.5117.2
http://www.wikidata.org/entity/Q610253,university-jordan,grid.9670.8
http://www.wikidata.org/entity/Q632558,harbin-institute-technology,grid.19373.3f
http://www.wikidata.org/entity/Q632891,mcmaster-university,grid.25073.33
http://www.wikidata.org/entity/Q645663,university-pisa,grid.5395.a
http://www.wikidata.org/entity/Q658192,vilnius-university,grid.6441.7
http://www.wikidata.org/entity/Q673354,university-stgallen-hsg,grid.15775.31
http://www.wikidata.org/entity/Q675848,university-zagreb,grid.4808.4
http://www.wikidata.org/entity/Q685664,fu-jen-catholic-university,grid.256105.5
http://www.wikidata.org/entity/Q712849,national-chengchi-university,grid.412042.1
http://www.wikidata.org/entity/Q746592,university-philippines,grid.443239.b
http://www.wikidata.org/entity/Q782600,linkoping-university,grid.5640.7
http://www.wikidata.org/entity/Q790029,bangor-university,grid.7362.0
http://www.wikidata.org/entity/Q795988,university-guelph,grid.34429.38
http://www.wikidata.org/entity/Q833670,ku-leuven,grid.5596.f
http://www.wikidata.org/entity/Q835366,south-china-university-technology,grid.79703.3a
http://www.wikidata.org/entity/Q837164,newcastle-university,grid.1006.7
http://www.wikidata.org/entity/Q863813,binghamton-university-suny,grid.264260.4
http://www.wikidata.org/entity/Q877925,queens-university-belfast,grid.4777.3
http://www.wikidata.org/entity/Q903092,university-debrecen,grid.7122.6
http://www.wikidata.org/entity/Q917874,abo-akademi-university,grid.13797.3b
http://www.wikidata.org/entity/Q930528,university-trento,grid.11696.39
http://www.wikidata.org/entity/Q932411,brunel-university-london,grid.7728.a
http://www.wikidata.org/entity/Q978124,university-southern-queensland,grid.1048.d
http://www.wikidata.org/entity/Q1024426,university-south-carolina,grid.254567.7
http://www.wikidata.org/entity/Q1137652,maastricht-university,grid.5012.6
http://www.wikidata.org/entity/Q1144262,university-western-ontario,grid.39381.30
http://www.wikidata.org/entity/Q1144565,umea-university,grid.12650.30
http://www.wikidata.org/entity/Q1155944,universite-paris-descartes,grid.10992.33
http://www.wikidata.org/entity/Q1191166,university-hyderabad,grid.18048.35
http://www.wikidata.org/entity/Q1243904,universidad-de-alcala,grid.7159.a
http://www.wikidata.org/entity/Q1249005,university-dundee,grid.8241.f
http://www.wikidata.org/entity/Q1258413,universidad-de-antioquia,grid.412881.6
http://www.wikidata.org/entity/Q1334582,universite-de-liege,grid.4861.b
http://www.wikidata.org/entity/Q1350021,university-wollongong,grid.1007.6
http://www.wikidata.org/entity/Q1375146,murdoch-university,grid.1025.6
http://www.wikidata.org/entity/Q1430954,saint-joseph-university-beirut-usj,grid.42271.32
http://www.wikidata.org/entity/Q1432632,university-reading,grid.9435.b
http://www.wikidata.org/entity/Q1444125,universiti-kebangsaan-malaysia-ukm,grid.412113.4
http://www.wikidata.org/entity/Q1480643,universite-paris-sud,grid.5842.b
http://www.wikidata.org/entity/Q1506552,ural-federal-university-urfu,grid.412761.7
http://www.wikidata.org/entity/Q1517478,pontificia-universidad-javeriana,grid.41312.35
http://www.wikidata.org/entity/Q1537436,pontificia-universidad-catolica-del-ecuador-puce,grid.412527.7
http://www.wikidata.org/entity/Q1541161,lingnan-university-hong-kong,grid.411382.d
http://www.wikidata.org/entity/Q1707779,university-bahrain,grid.413060.0
http://www.wikidata.org/entity/Q1859178,university-strathclyde,grid.11984.35
http://www.wikidata.org/entity/Q1887879,university-san-francisco,grid.267103.1
http://www.wikidata.org/entity/Q1895354,memorial-university-newfoundland,grid.25055.37
http://www.wikidata.org/entity/Q1961570,university-engineering-technology-uet-lahore,grid.444938.6
http://www.wikidata.org/entity/Q2001798,shiraz-university,grid.412573.6
http://www.wikidata.org/entity/Q2002619,nottingham-trent-university,grid.12361.37
http://www.wikidata.org/entity/Q2047109,quaid-i-azam-university,grid.412621.2
http://www.wikidata.org/entity/Q2166335,university-southern-denmark,grid.10825.3e
http://www.wikidata.org/entity/Q2503809,kingston-university-london,grid.15538.3a
http://www.wikidata.org/entity/Q2648311,birla-institute-technology-science-pilani,grid.418391.6
http://www.wikidata.org/entity/Q2919325,jordan-university-science-technology,grid.37553.37
http://www.wikidata.org/entity/Q3056813,university-brighton,grid.12477.37
http://www.wikidata.org/entity/Q3098071,dublin-institute-technology,grid.33695.3a
http://www.wikidata.org/entity/Q3117949,universidad-del-valle,grid.8271.c
http://www.wikidata.org/entity/Q3518863,indian-institute-technology-guwahati-iitg,grid.417972.e
http://www.wikidata.org/entity/Q7125592,pakistan-institute-engineering-applied-sciences-pieas,grid.420112.4
http://www.wikidata.org/entity/Q4182,weizmann-institute-science,grid.13992.30
http://www.wikidata.org/entity/Q10159,ecole-normale-superieure-de-lyon,grid.15140.31
http://www.wikidata.org/entity/Q13344,university-bordeaux,grid.412041.2
http://www.wikidata.org/entity/Q13371,harvard-university,grid.38142.3c
http://www.wikidata.org/entity/Q21578,princeton-university,grid.16750.35
http://www.wikidata.org/entity/Q28695,university-helsinki,grid.7737.4
http://www.wikidata.org/entity/Q31519,charles-university,grid.4491.8
http://www.wikidata.org/entity/Q41506,stanford-university,grid.168010.e
http://www.wikidata.org/entity/Q43452,universitat-autonoma-de-barcelona,grid.7080.f
http://www.wikidata.org/entity/Q49088,columbia-university,grid.21729.3f
http://www.wikidata.org/entity/Q49112,yale-university,grid.47100.32
http://www.wikidata.org/entity/Q49115,cornell-university,grid.5386.8
http://www.wikidata.org/entity/Q49118,boston-college,grid.208226.c
http://www.wikidata.org/entity/Q49119,brandeis-university,grid.253264.4
http://www.wikidata.org/entity/Q84151,taras-shevchenko-national-university-kyiv,grid.34555.32
http://www.wikidata.org/entity/Q122453,universitat-stuttgart,grid.5719.a
http://www.wikidata.org/entity/Q129421,university-california-davis,grid.27860.3b
http://www.wikidata.org/entity/Q156725,universitat-hamburg,grid.9026.d
http://www.wikidata.org/entity/Q159102,universidade-federal-da-bahia,grid.8399.b
http://www.wikidata.org/entity/Q161982,johannes-gutenberg-universitat-mainz,grid.5802.f
http://www.wikidata.org/entity/Q168751,duke-university,grid.26009.3d
http://www.wikidata.org/entity/Q168756,university-california-berkeley-ucb,grid.47840.3f
http://www.wikidata.org/entity/Q174158,hebrew-university-jerusalem,grid.9619.7
http://www.wikidata.org/entity/Q178848,university-notre-dame,grid.131063.6
http://www.wikidata.org/entity/Q185246,uppsala-university,grid.8993.b
http://www.wikidata.org/entity/Q190080,carnegie-mellon-university,grid.147455.6
http://www.wikidata.org/entity/Q193196,ucl-university-college-london,grid.83440.3b
http://www.wikidata.org/entity/Q193727,johns-hopkins-university,grid.21107.35
http://www.wikidata.org/entity/Q194445,cairo-university,grid.7776.1
http://www.wikidata.org/entity/Q199948,universidad-de-concepcion,grid.5380.e
http://www.wikidata.org/entity/Q201603,simon-fraser-university,grid.61971.38
http://www.wikidata.org/entity/Q208736,hufs-hankuk-korea-university-foreign-studies,grid.440932.8
http://www.wikidata.org/entity/Q219563,university-washington,grid.34477.33
http://www.wikidata.org/entity/Q219564,karolinska-institutet,grid.4714.6
http://www.wikidata.org/entity/Q219694,complutense-university-madrid,grid.4795.f
http://www.wikidata.org/entity/Q229022,universita-cattolica-del-sacro-cuore,grid.8142.f
http://www.wikidata.org/entity/Q277664,tampere-university-technology,grid.6986.1
http://www.wikidata.org/entity/Q300980,aalto-university,grid.5373.2
http://www.wikidata.org/entity/Q309948,ruhr-universitat-bochum,grid.5570.7
http://www.wikidata.org/entity/Q317070,universitat-mannheim,grid.5601.2
http://www.wikidata.org/entity/Q326282,universite-du-quebec,grid.265695.b
http://www.wikidata.org/entity/Q332498,brigham-young-university,grid.253294.b
http://www.wikidata.org/entity/Q392189,universite-de-montreal,grid.14848.31
http://www.wikidata.org/entity/Q427677,al-farabi-kazakh-national-university,grid.77184.3d
http://www.wikidata.org/entity/Q528231,goldsmiths-university-london,grid.15874.3f
http://www.wikidata.org/entity/Q534643,university-witwatersrand,grid.11951.3d
http://www.wikidata.org/entity/Q550376,university-baghdad,grid.411498.1
http://www.wikidata.org/entity/Q615154,university-silesia,grid.11866.38
http://www.wikidata.org/entity/Q659080,university-bern,grid.5734.5
http://www.wikidata.org/entity/Q665105,university-delhi,grid.8195.5
http://www.wikidata.org/entity/Q672416,scuola-normale-superiore-di-pisa,grid.6093.c
http://www.wikidata.org/entity/Q689400,vienna-university-technology,grid.5329.d
http://www.wikidata.org/entity/Q691851,university-naples-federico-ii,grid.4691.a
http://www.wikidata.org/entity/Q761534,university-georgia,grid.213876.9
http://www.wikidata.org/entity/Q766145,university-oregon,grid.170202.6
http://www.wikidata.org/entity/Q776223,universite-de-montpellier,grid.121334.6
http://www.wikidata.org/entity/Q835440,universitat-konstanz,grid.9811.1
http://www.wikidata.org/entity/Q838330,university-wisconsin-madison,grid.14003.36
http://www.wikidata.org/entity/Q849751,york-university,grid.21100.32
http://www.wikidata.org/entity/Q868421,university-california-irvine,grid.266093.8
http://www.wikidata.org/entity/Q921088,doshisha-university,grid.255178.c
http://www.wikidata.org/entity/Q950609,singapore-management-university,grid.412634.6
http://www.wikidata.org/entity/Q959524,bocconi-university,grid.7945.f
http://www.wikidata.org/entity/Q1047060,case-western-reserve-university,grid.67105.35
http://www.wikidata.org/entity/Q1065414,vrije-universiteit-amsterdam,grid.12380.38
http://www.wikidata.org/entity/Q1067935,universite-laval,grid.23856.3a
http://www.wikidata.org/entity/Q1095773,clark-university,grid.254277.1
http://www.wikidata.org/entity/Q1132346,north-carolina-state-university,grid.40803.3f
http://www.wikidata.org/entity/Q1193155,koc-university,grid.15876.3d
http://www.wikidata.org/entity/Q1202039,royal-holloway-university-london,grid.4970.a
http://www.wikidata.org/entity/Q1202897,dublin-city-university,grid.15596.3e
http://www.wikidata.org/entity/Q1229996,universidad-de-sevilla,grid.9224.d
http://www.wikidata.org/entity/Q1232180,university-granada,grid.4489.1
http://www.wikidata.org/entity/Q1343885,instituto-tecnologico-y-de-estudios-superiores-de-monterrey,grid.419886.a
http://www.wikidata.org/entity/Q1401524,university-santo-tomas,grid.412775.2
http://www.wikidata.org/entity/Q1422903,university-porto,grid.5808.5
http://www.wikidata.org/entity/Q1423677,university-sunshine-coast,grid.1034.6
http://www.wikidata.org/entity/Q1455176,shanghai-international-studies-university,grid.412515.6
http://www.wikidata.org/entity/Q1468161,university-colorado-denver,grid.241116.1
http://www.wikidata.org/entity/Q1473677,universidade-de-santiago-de-compostela,grid.11794.3a
http://www.wikidata.org/entity/Q1478723,la-trobe-university,grid.1018.8
http://www.wikidata.org/entity/Q1496662,gazi-universitesi,grid.25769.3f
http://www.wikidata.org/entity/Q1513804,kazakh-national-research-technical-university-after-kisatpayev,grid.440916.e
http://www.wikidata.org/entity/Q1521725,louisiana-state-university,grid.64337.35
http://www.wikidata.org/entity/Q1536258,southern-methodist-university,grid.263864.d
http://www.wikidata.org/entity/Q1544739,united-arab-emirates-university,grid.43519.3a
http://www.wikidata.org/entity/Q1546906,ca-foscari-university-venice,grid.7240.1
http://www.wikidata.org/entity/Q1633799,baku-state-university,grid.37600.32
http://www.wikidata.org/entity/Q1661242,indian-institute-technology-bombay-iitb,grid.417971.d
http://www.wikidata.org/entity/Q1760791,middlesex-university,grid.15822.3c
http://www.wikidata.org/entity/Q1857773,university-central-lancashire,grid.7943.9
http://www.wikidata.org/entity/Q2034790,east-china-normal-university,grid.22069.3f
http://www.wikidata.org/entity/Q2302586,aix-marseille-university,grid.5399.6
http://www.wikidata.org/entity/Q2413375,open-university,grid.10837.3d
http://www.wikidata.org/entity/Q2579532,universite-de-sherbrooke,grid.86715.3d
http://www.wikidata.org/entity/Q2749558,universidade-federal-do-ceara-ufc,grid.8395.7
http://www.wikidata.org/entity/Q4456097,Ternopil-National-Economic-University,grid.446027.3
http://www.wikidata.org/entity/Q4748684,amrita-vishwa-vidyapeetham-amrita-university,grid.411370.0
http://www.wikidata.org/entity/Q19203245,centralesupelec,grid.494567.d
http://www.wikidata.org/entity/Q41497113,sorbonne-university,
http://www.wikidata.org/entity/Q4027,universite-jean-moulin-lyon-3,grid.9659.3
http://www.wikidata.org/entity/Q4032,universite-claude-bernard-lyon-1,grid.7849.2
http://www.wikidata.org/entity/Q15570,chinese-university-hong-kong-cuhk,grid.10784.3a
http://www.wikidata.org/entity/Q15574,university-adelaide,grid.1010.0
http://www.wikidata.org/entity/Q16947,tongji-university,grid.24516.34
http://www.wikidata.org/entity/Q24543,universitat-pompeu-fabra,grid.5612.0
http://www.wikidata.org/entity/Q32746,national-taiwan-university-ntu,grid.19188.39
http://www.wikidata.org/entity/Q39913,seoul-national-university,grid.31501.36
http://www.wikidata.org/entity/Q39949,kaist-korea-advanced-institute-science-technology,grid.37172.30
http://www.wikidata.org/entity/Q40025,friedrich-alexander-universitat-erlangen-nurnberg,grid.5330.5
http://www.wikidata.org/entity/Q49110,boston-university,grid.189504.1
http://www.wikidata.org/entity/Q49114,brown-university,grid.40263.33
http://www.wikidata.org/entity/Q49116,dartmouth-college,grid.254880.3
http://www.wikidata.org/entity/Q49210,new-york-university-nyu,grid.137628.9
http://www.wikidata.org/entity/Q49212,texas-am-university,grid.264756.4
http://www.wikidata.org/entity/Q151510,ruprecht-karls-universitat-heidelberg,grid.7700.0
http://www.wikidata.org/entity/Q153987,albert-ludwigs-universitaet-freiburg,grid.5963.9
http://www.wikidata.org/entity/Q154804,universitat-leipzig,grid.9647.c
http://www.wikidata.org/entity/Q156598,leiden-university,grid.5132.5
http://www.wikidata.org/entity/Q156737,christian-albrechts-university-zu-kiel,grid.9764.c
http://www.wikidata.org/entity/Q157808,technical-university-munich,grid.6936.a
http://www.wikidata.org/entity/Q161976,julius-maximilians-universitat-wurzburg,grid.8379.5
http://www.wikidata.org/entity/Q174710,university-california-los-angeles-ucla,grid.19006.3e
http://www.wikidata.org/entity/Q189441,jagiellonian-university,grid.5522.0
http://www.wikidata.org/entity/Q192964,istanbul-university,grid.9601.e
http://www.wikidata.org/entity/Q201492,mcgill-university,grid.14709.3b
http://www.wikidata.org/entity/Q209344,sapienza-university-rome,grid.7841.a
http://www.wikidata.org/entity/Q223429,university-birmingham,grid.6572.6
http://www.wikidata.org/entity/Q258464,trinity-college-dublin-university-dublin,grid.8217.c
http://www.wikidata.org/entity/Q263064,university-california-santa-barbara-ucsb,grid.133342.4
http://www.wikidata.org/entity/Q270222,michigan-state-university,grid.17088.36
http://www.wikidata.org/entity/Q309331,ohio-state-university,grid.261331.4
http://www.wikidata.org/entity/Q309350,northwestern-university,grid.16753.36
http://www.wikidata.org/entity/Q309988,kit-karlsruhe-institute-technology,grid.7892.4
http://www.wikidata.org/entity/Q333705,technion-israel-institute-technology,grid.6451.6
http://www.wikidata.org/entity/Q333886,georgetown-university,grid.213910.8
http://www.wikidata.org/entity/Q377757,rhodes-university,grid.91354.3a
http://www.wikidata.org/entity/Q400422,national-research-saratov-state-university,grid.446088.6
http://www.wikidata.org/entity/Q476521,king-mongkuts-university-technology-thonburi,grid.412151.2
http://www.wikidata.org/entity/Q498407,university-latvia,grid.9845.0
http://www.wikidata.org/entity/Q499451,rutgers-university-new-brunswick,grid.430387.b
http://www.wikidata.org/entity/Q503419,university-arizona,grid.134563.6
http://www.wikidata.org/entity/Q522109,wroclaw-university-science-technology-wrust,grid.7005.2
http://www.wikidata.org/entity/Q574606,universite-libre-de-bruxelles,grid.4989.c
http://www.wikidata.org/entity/Q587326,tokyo-institute-technology,grid.32197.3e
http://www.wikidata.org/entity/Q595668,tilburg-university,grid.12295.3d
http://www.wikidata.org/entity/Q598841,monash-university,grid.1002.3
http://www.wikidata.org/entity/Q603034,drexel-university,grid.166341.7
http://www.wikidata.org/entity/Q621043,emory-university,grid.189967.8
http://www.wikidata.org/entity/Q625158,kaunas-university-technology,grid.6901.e
http://www.wikidata.org/entity/Q632004,radboud-university,grid.5590.9
http://www.wikidata.org/entity/Q640694,university-alberta,grid.17089.37
http://www.wikidata.org/entity/Q670897,arizona-state-university,grid.215654.1
http://www.wikidata.org/entity/Q718328,national-yang-ming-university,grid.260770.4
http://www.wikidata.org/entity/Q721064,nanyang-technological-university-singapore-ntu,grid.59025.3b
http://www.wikidata.org/entity/Q736674,university-colorado-boulder,grid.266190.a
http://www.wikidata.org/entity/Q739627,pennsylvania-state-university,grid.29857.31
http://www.wikidata.org/entity/Q752663,delft-university-technology,grid.5292.c
http://www.wikidata.org/entity/Q787360,city-university-hong-kong,grid.35030.35
http://www.wikidata.org/entity/Q834857,chongqing-university,grid.190737.b
http://www.wikidata.org/entity/Q835960,universidade-de-sao-paulo,grid.11899.38
http://www.wikidata.org/entity/Q836805,chalmers-university-technology,grid.5371.0
http://www.wikidata.org/entity/Q861548,florida-state-university,grid.255986.5
http://www.wikidata.org/entity/Q875788,universitat-innsbruck,grid.5771.4
http://www.wikidata.org/entity/Q896267,bogazici-universitesi,grid.11220.30
http://www.wikidata.org/entity/Q945876,universite-grenoble-alpes,grid.411819.4
http://www.wikidata.org/entity/Q1057199,hokkaido-university,grid.39158.36
http://www.wikidata.org/entity/Q1061104,university-california-san-francisco,grid.266102.1
http://www.wikidata.org/entity/Q1068072,university-delaware,grid.33489.35
http://www.wikidata.org/entity/Q1075148,university-california-riverside,grid.266097.c
http://www.wikidata.org/entity/Q1079140,indiana-university-bloomington,grid.411377.7
http://www.wikidata.org/entity/Q1111640,colorado-state-university,grid.47894.36
http://www.wikidata.org/entity/Q1136919,iowa-state-university,grid.34421.30
http://www.wikidata.org/entity/Q1145992,gadjah-mada-university,grid.8570.a
http://www.wikidata.org/entity/Q1180978,deakin-university,grid.1021.2
http://www.wikidata.org/entity/Q1191132,nagoya-university,grid.27476.30
http://www.wikidata.org/entity/Q1198571,universite-nice-sophia-antipolis,grid.10737.32
http://www.wikidata.org/entity/Q1235608,universite-diderot-paris-7,grid.7452.4
http://www.wikidata.org/entity/Q1269766,technical-university-denmark,grid.5170.3
http://www.wikidata.org/entity/Q1277357,edinburgh-napier-university,grid.20409.3f
http://www.wikidata.org/entity/Q1411222,george-mason-university,grid.22448.38
http://www.wikidata.org/entity/Q1420500,swansea-university,grid.4827.9
http://www.wikidata.org/entity/Q1463036,king-abdullah-university-science-technology,grid.45672.32
http://www.wikidata.org/entity/Q1481050,london-business-school,grid.14868.33
http://www.wikidata.org/entity/Q1523902,alexandru-ioan-cuza-university,grid.8168.7
http://www.wikidata.org/entity/Q1576899,universiti-teknologi-mara-uitm,grid.412259.9
http://www.wikidata.org/entity/Q1579397,bandung-institute-technology-itb,grid.434933.a
http://www.wikidata.org/entity/Q1604022,beijing-normal-university,grid.20513.35
http://www.wikidata.org/entity/Q1711196,huazhong-university-science-technology,grid.33199.31
http://www.wikidata.org/entity/Q1752043,king-saud-university,grid.56302.32
http://www.wikidata.org/entity/Q1795928,king-abdulaziz-university-kau,grid.412125.1
http://www.wikidata.org/entity/Q2281517,sichuan-university,grid.13291.38
http://www.wikidata.org/entity/Q2496006,universite-de-cergy-pontoise,grid.7901.f
http://www.wikidata.org/entity/Q2601879,maynooth-university,grid.95004.38
http://www.wikidata.org/entity/Q2655352,east-china-university-science-technology,grid.28056.39
http://www.wikidata.org/entity/Q2892284,baylor-college-medicine,grid.39382.33
http://www.wikidata.org/entity/Q3551621,universite-de-lille,
http://www.wikidata.org/entity/Q4587760,beijing-jiaotong-university,grid.181531.f
http://www.wikidata.org/entity/Q4746780,amirkabir-university-technology,grid.411368.9
http://www.wikidata.org/entity/Q5440482,universidade-federal-de-sao-carlos-ufscar,grid.411247.5
http://www.wikidata.org/entity/Q4614,university-southern-california,grid.42505.36
http://www.wikidata.org/entity/Q7842,university-tokyo,grid.26999.3d
http://www.wikidata.org/entity/Q15568,university-hong-kong,grid.194645.b
http://www.wikidata.org/entity/Q24382,bielefeld-university,grid.7491.b
http://www.wikidata.org/entity/Q27621,saint-petersburg-state-university,grid.15447.33
http://www.wikidata.org/entity/Q29052,vanderbilt-university,grid.152326.1
http://www.wikidata.org/entity/Q32120,martin-luther-universitat-halle-wittenberg,grid.9018.0
http://www.wikidata.org/entity/Q40018,pohang-university-science-technology-postech,grid.49100.3c
http://www.wikidata.org/entity/Q41085,sungkyunkwan-university-skku,grid.264381.a
http://www.wikidata.org/entity/Q43401,national-chiao-tung-university,grid.260539.b
http://www.wikidata.org/entity/Q43406,national-tsing-hua-university,grid.38348.34
http://www.wikidata.org/entity/Q49206,university-connecticut,grid.63054.34
http://www.wikidata.org/entity/Q49213,university-texas-austin,grid.89336.37
http://www.wikidata.org/entity/Q52413,university-kansas,grid.266515.3
http://www.wikidata.org/entity/Q54096,university-cologne,grid.6190.e
http://www.wikidata.org/entity/Q115220,hiroshima-university,grid.257022.0
http://www.wikidata.org/entity/Q154561,universitat-jena,grid.9613.d
http://www.wikidata.org/entity/Q168426,westfalische-wilhelms-universitat-munster,grid.5949.1
http://www.wikidata.org/entity/Q168515,university-utah,grid.223827.e
http://www.wikidata.org/entity/Q175241,university-antwerp,grid.5284.b
http://www.wikidata.org/entity/Q180865,university-toronto,grid.17063.33
http://www.wikidata.org/entity/Q182973,university-iowa,grid.214572.7
http://www.wikidata.org/entity/Q192334,university-north-carolina-chapel-hill,grid.10698.36
http://www.wikidata.org/entity/Q194223,universidad-de-buenos-aires-uba,grid.7345.5
http://www.wikidata.org/entity/Q204457,university-bergen,grid.7914.b
http://www.wikidata.org/entity/Q206702,university-zurich,grid.7400.3
http://www.wikidata.org/entity/Q213439,university-virginia,grid.27755.32
http://www.wikidata.org/entity/Q219317,universita-degli-studi-di-pavia,grid.8982.b
http://www.wikidata.org/entity/Q219615,universitat-de-barcelona,grid.5841.8
http://www.wikidata.org/entity/Q221653,utrecht-university,grid.5477.1
http://www.wikidata.org/entity/Q222738,universidad-nacional-autonoma-de-mexico-unam,grid.9486.3
http://www.wikidata.org/entity/Q230492,university-michigan,grid.214458.e
http://www.wikidata.org/entity/Q232141,universidad-de-chile,grid.443909.3
http://www.wikidata.org/entity/Q240631,university-belgrade,grid.7149.b
http://www.wikidata.org/entity/Q254204,nankai-university,grid.216938.7
http://www.wikidata.org/entity/Q270532,university-aberdeen,grid.7107.1
http://www.wikidata.org/entity/Q273263,rwth-aachen-university,grid.1957.a
http://www.wikidata.org/entity/Q280824,eindhoven-university-technology,grid.6852.9
http://www.wikidata.org/entity/Q317032,university-duesseldorf,grid.411327.2
http://www.wikidata.org/entity/Q371522,university-gothenburg,grid.8761.8
http://www.wikidata.org/entity/Q392904,politecnico-di-milano,grid.4643.5
http://www.wikidata.org/entity/Q422208,wageningen-university,grid.4818.5
http://www.wikidata.org/entity/Q432637,george-washington-university,grid.253615.6
http://www.wikidata.org/entity/Q457281,university-illinois-urbana-champaign,grid.35403.31
http://www.wikidata.org/entity/Q486156,university-oslo,grid.5510.1
http://www.wikidata.org/entity/Q500606,university-south-florida,grid.170693.a
http://www.wikidata.org/entity/Q501758,university-florida,grid.15276.37
http://www.wikidata.org/entity/Q503424,university-leeds,grid.9909.9
http://www.wikidata.org/entity/Q546976,university-surrey,grid.5475.3
http://www.wikidata.org/entity/Q547867,national-kapodistrian-university-athens,grid.5216.0
http://www.wikidata.org/entity/Q579321,dalhousie-university,grid.55602.34
http://www.wikidata.org/entity/Q590201,universite-toulouse-1-capitole,grid.22147.32
http://www.wikidata.org/entity/Q604470,shandong-university,grid.27255.37
http://www.wikidata.org/entity/Q644478,national-university-ireland-galway,grid.6142.1
http://www.wikidata.org/entity/Q649868,hunan-university,grid.67293.39
http://www.wikidata.org/entity/Q658975,university-lausanne,grid.9851.5
http://www.wikidata.org/entity/Q667568,aristotle-university-thessaloniki,grid.4793.9
http://www.wikidata.org/entity/Q681025,university-buffalo-suny,grid.273335.3
http://www.wikidata.org/entity/Q706708,national-cheng-kung-university-ncku,grid.64523.36
http://www.wikidata.org/entity/Q734764,university-new-south-wales-unsw-sydney,grid.1005.4
http://www.wikidata.org/entity/Q737332,ben-gurion-university-negev,grid.7489.2
http://www.wikidata.org/entity/Q738258,university-miami,grid.26790.3a
http://www.wikidata.org/entity/Q777403,washington-university-st-louis,grid.4367.6
http://www.wikidata.org/entity/Q787234,swinburne-university-technology,grid.1027.4
http://www.wikidata.org/entity/Q788091,universidad-autonoma-de-madrid,grid.5515.4
http://www.wikidata.org/entity/Q815432,keio-university,grid.26091.3c
http://www.wikidata.org/entity/Q820887,university-florence,grid.8404.8
http://www.wikidata.org/entity/Q823917,university-sheffield,grid.11835.3e
http://www.wikidata.org/entity/Q850730,university-groningen,grid.4830.f
http://www.wikidata.org/entity/Q948720,indian-institute-science-0,grid.34980.36
http://www.wikidata.org/entity/Q955764,university-illinois-chicago-uic,grid.185648.6
http://www.wikidata.org/entity/Q969850,stony-brook-university-state-university-new-york,grid.36425.36
http://www.wikidata.org/entity/Q1067916,okayama-university,grid.261356.5
http://www.wikidata.org/entity/Q1074103,university-science-technology-china,grid.59053.3a
http://www.wikidata.org/entity/Q1122926,university-lisbon,grid.9983.b
http://www.wikidata.org/entity/Q1124657,bar-ilan-university,grid.22098.31
http://www.wikidata.org/entity/Q1144750,queensland-university-technology-qut,grid.1024.7
http://www.wikidata.org/entity/Q1187271,hong-kong-polytechnic-university,grid.16890.36
http://www.wikidata.org/entity/Q1188786,kyushu-university,grid.177174.3
http://www.wikidata.org/entity/Q1190812,university-new-mexico,grid.266832.b
http://www.wikidata.org/entity/Q1191833,university-manitoba,grid.21613.37
http://www.wikidata.org/entity/Q1202292,griffith-university,grid.1022.1
http://www.wikidata.org/entity/Q1273188,universite-paul-sabatier-toulouse-iii,grid.15781.3a
http://www.wikidata.org/entity/Q1321803,chiba-university,grid.136304.3
http://www.wikidata.org/entity/Q1333303,hong-kong-university-science-technology,grid.24515.37
http://www.wikidata.org/entity/Q1360303,university-kentucky,grid.266539.d
http://www.wikidata.org/entity/Q1414861,university-exeter,grid.8391.3
http://www.wikidata.org/entity/Q1420239,temple-university,grid.264727.2
http://www.wikidata.org/entity/Q1432030,jilin-university,grid.64924.3d
http://www.wikidata.org/entity/Q1472358,university-houston,grid.266436.3
http://www.wikidata.org/entity/Q1477368,dalian-university-technology,grid.30055.33
http://www.wikidata.org/entity/Q2000129,university-hawaii-manoa,grid.410445.0
http://www.wikidata.org/entity/Q2031560,tianjin-university,grid.33763.32
http://www.wikidata.org/entity/Q2093139,university-eastern-finland,grid.9668.1
http://www.wikidata.org/entity/Q2748799,chang-gung-university,grid.145695.a
http://www.wikidata.org/entity/Q3551770,southeast-university,grid.263826.b
http://www.wikidata.org/entity/Q4173330,university-lorraine,grid.29172.3f
http://www.wikidata.org/entity/Q4475799,lanzhou-university,grid.32566.34
http://www.wikidata.org/entity/Q5061828,central-south-university,grid.216417.7
http://www.wikidata.org/entity/Q5971900,university-electronic-science-technology-china,grid.54549.39
http://www.wikidata.org/entity/Q1377,university-ljubljana,grid.8954.0
http://www.wikidata.org/entity/Q15575,flinders-university,grid.1014.4
http://www.wikidata.org/entity/Q29671,university-aveiro,grid.7311.4
http://www.wikidata.org/entity/Q36188,universite-de-fribourg,grid.8534.a
http://www.wikidata.org/entity/Q39988,yonsei-university,grid.15444.30
http://www.wikidata.org/entity/Q41114,ewha-womans-university,grid.255649.9
http://www.wikidata.org/entity/Q41738,catholic-university-korea,grid.411947.e
http://www.wikidata.org/entity/Q41765,konkuk-university,grid.258676.8
http://www.wikidata.org/entity/Q41790,chung-ang-university-cau,grid.254224.7
http://www.wikidata.org/entity/Q53122,pusan-national-university,grid.262229.f
http://www.wikidata.org/entity/Q132140,universidade-federal-de-minas-gerais,grid.8430.f
http://www.wikidata.org/entity/Q153012,universitat-potsdam,grid.11348.3f
http://www.wikidata.org/entity/Q204181,university-tartu,grid.10939.32
http://www.wikidata.org/entity/Q257655,china-agricultural-university,grid.22935.3f
http://www.wikidata.org/entity/Q310695,technische-universitat-darmstadt,grid.6546.1
http://www.wikidata.org/entity/Q349055,wayne-state-university,grid.254444.7
http://www.wikidata.org/entity/Q383568,universitat-de-valencia,grid.5338.d
http://www.wikidata.org/entity/Q390287,eotvos-lorand-university,grid.5591.8
http://www.wikidata.org/entity/Q414245,agh-university-science-technology,grid.9922.0
http://www.wikidata.org/entity/Q432475,university-canterbury,grid.21006.35
http://www.wikidata.org/entity/Q487841,kyungpook-national-university,grid.258803.4
http://www.wikidata.org/entity/Q488851,inha-university,grid.202119.9
http://www.wikidata.org/entity/Q489488,chungnam-national-university,grid.254230.2
http://www.wikidata.org/entity/Q494681,chonnam-national-university,grid.14005.30
http://www.wikidata.org/entity/Q499911,university-turin,grid.7605.4
http://www.wikidata.org/entity/Q500692,universitat-bremen,grid.7704.4
http://www.wikidata.org/entity/Q538452,babes-bolyai-university,grid.7399.4
http://www.wikidata.org/entity/Q540672,auburn-university,grid.252546.2
http://www.wikidata.org/entity/Q574571,universitat-regensburg,grid.7727.5
http://www.wikidata.org/entity/Q578326,university-jyvaskyla,grid.9681.6
http://www.wikidata.org/entity/Q603686,hong-kong-baptist-university,grid.221309.b
http://www.wikidata.org/entity/Q612665,vrije-universiteit-brussel-vub,grid.8767.e
http://www.wikidata.org/entity/Q622683,karl-franzens-universitaet-graz,grid.5110.5
http://www.wikidata.org/entity/Q623851,chonbuk-national-university,grid.411545.0
http://www.wikidata.org/entity/Q626804,mahidol-university,grid.10223.32
http://www.wikidata.org/entity/Q631066,clemson-university,grid.26090.3d
http://www.wikidata.org/entity/Q633561,universidad-de-zaragoza,grid.11205.37
http://www.wikidata.org/entity/Q640652,university-oklahoma,grid.266900.b
http://www.wikidata.org/entity/Q666916,universidade-de-vigo,grid.6312.6
http://www.wikidata.org/entity/Q690912,university-hohenheim,grid.9464.f
http://www.wikidata.org/entity/Q696757,universitat-duisburg-essen,grid.5718.b
http://www.wikidata.org/entity/Q703620,copenhagen-business-school,grid.4655.2
http://www.wikidata.org/entity/Q714891,national-central-university,grid.37589.30
http://www.wikidata.org/entity/Q727516,university-kwazulu-natal,grid.16463.36
http://www.wikidata.org/entity/Q743615,university-tsukuba,grid.20515.33
http://www.wikidata.org/entity/Q748085,universita-degli-studi-di-perugia,grid.9027.c
http://www.wikidata.org/entity/Q749718,oklahoma-state-university,grid.65519.3e
http://www.wikidata.org/entity/Q766447,universidade-federal-do-rio-grande-do-sul,grid.8532.c
http://www.wikidata.org/entity/Q772421,st-georges-university-london,grid.264200.2
http://www.wikidata.org/entity/Q812573,baylor-university,grid.252890.4
http://www.wikidata.org/entity/Q835662,university-ulm,grid.6582.9
http://www.wikidata.org/entity/Q855730,chulalongkorn-university,grid.7922.e
http://www.wikidata.org/entity/Q955609,universita-degli-studi-di-ferrara,grid.8484.0
http://www.wikidata.org/entity/Q962011,university-tasmania,grid.1009.8
http://www.wikidata.org/entity/Q967165,university-york,grid.5685.e
http://www.wikidata.org/entity/Q1041737,carleton-university,grid.34428.39
http://www.wikidata.org/entity/Q1048626,lincoln-university,grid.16488.33
http://www.wikidata.org/entity/Q1057890,rmit-university,grid.1017.7
http://www.wikidata.org/entity/Q1061504,stockholm-school-economics,grid.419684.6
http://www.wikidata.org/entity/Q1065809,florida-international-university,grid.65456.34
http://www.wikidata.org/entity/Q1069994,tokyo-university-science,grid.143643.7
http://www.wikidata.org/entity/Q1070333,university-arkansas,grid.411017.2
http://www.wikidata.org/entity/Q1075104,university-essex,grid.8356.8
http://www.wikidata.org/entity/Q1134606,massey-university,grid.148374.d
http://www.wikidata.org/entity/Q1141452,western-sydney-university,grid.1029.a
http://www.wikidata.org/entity/Q1145731,university-technology-sydney,grid.117476.2
http://www.wikidata.org/entity/Q1147063,jawaharlal-nehru-university,grid.10706.30
http://www.wikidata.org/entity/Q1150437,victoria-university-wellington,grid.267827.e
http://www.wikidata.org/entity/Q1153539,xiamen-university,grid.12955.3a
http://www.wikidata.org/entity/Q1232428,universidad-del-pais-vasco,grid.11480.3c
http://www.wikidata.org/entity/Q1232831,universidade-federal-do-parana-ufpr,grid.20736.30
http://www.wikidata.org/entity/Q1236136,university-bari,grid.7644.1
http://www.wikidata.org/entity/Q1322412,saitama-university,grid.263023.6
http://www.wikidata.org/entity/Q1326975,university-wyoming,grid.135963.b
http://www.wikidata.org/entity/Q1343386,shanghai-university,grid.39436.3b
http://www.wikidata.org/entity/Q1367256,moscow-institute-physics-technology-mipt-moscow-phystech,grid.18763.3b
http://www.wikidata.org/entity/Q1423756,texas-tech-university,grid.264784.b
http://www.wikidata.org/entity/Q1434547,loughborough-university,grid.6571.5
http://www.wikidata.org/entity/Q1458579,universiti-putra-malaysia-upm,grid.11142.37
http://www.wikidata.org/entity/Q1473615,kent-state-university,grid.258518.3
http://www.wikidata.org/entity/Q1537759,loyola-university-chicago,grid.164971.c
http://www.wikidata.org/entity/Q1539696,instituto-politecnico-nacional-ipn,grid.418275.d
http://www.wikidata.org/entity/Q1547084,university-twente,grid.6214.1
http://www.wikidata.org/entity/Q1563050,university-macau,grid.437123.0
http://www.wikidata.org/entity/Q1567050,hacettepe-university,grid.14442.37
http://www.wikidata.org/entity/Q1570489,universidad-nacional-de-cordoba-unc,grid.10692.3c
http://www.wikidata.org/entity/Q1637997,novosibirsk-state-university,grid.4605.7
http://www.wikidata.org/entity/Q1641504,university-palermo,grid.10776.37
http://www.wikidata.org/entity/Q1674548,beijing-university-technology,grid.28703.3e
http://www.wikidata.org/entity/Q1781394,university-texas-dallas,grid.267323.1
http://www.wikidata.org/entity/Q1851075,universidade-federal-de-santa-catarina,grid.411237.2
http://www.wikidata.org/entity/Q1972050,university-johannesburg,grid.412988.e
http://www.wikidata.org/entity/Q1973130,universiti-sains-malaysia-usm,grid.11875.3a
http://www.wikidata.org/entity/Q2003976,universitat-politecnica-de-valencia,grid.157927.f
http://www.wikidata.org/entity/Q2060678,universidade-estadual-de-campinas-unicamp,grid.411087.b
http://www.wikidata.org/entity/Q2303432,universidad-de-oviedo,grid.10863.3c
http://www.wikidata.org/entity/Q3272013,new-jersey-institute-technology-njit,grid.260896.3
http://www.wikidata.org/entity/Q4116241,king-fahd-university-petroleum-minerals,grid.412135.0
http://www.wikidata.org/entity/Q4384447,universidade-federal-de-sao-paulo,grid.411249.b
http://www.wikidata.org/entity/Q5814528,universidade-federal-de-vicosa-ufv,grid.12799.34
http://www.wikidata.org/entity/Q12432,michigan-technological-university,grid.259979.9
http://www.wikidata.org/entity/Q15576,university-south-australia,grid.1026.5
http://www.wikidata.org/entity/Q25864,universidad-politecnica-de-madrid,grid.5690.a
http://www.wikidata.org/entity/Q31392,comenius-university-bratislava,grid.7634.6
http://www.wikidata.org/entity/Q49108,massachusetts-institute-technology-mit,grid.116068.8
http://www.wikidata.org/entity/Q50662,universitat-frankfurt-am-main,grid.7839.5
http://www.wikidata.org/entity/Q56148,yeungnam-university,grid.413028.c
http://www.wikidata.org/entity/Q56837,national-research-nuclear-university-mephi-moscow-engineering-physics-institute,grid.183446.c
http://www.wikidata.org/entity/Q113788,kazan-volga-region-federal-university,grid.77268.3c
http://www.wikidata.org/entity/Q114892,nagasaki-university,grid.174567.6
http://www.wikidata.org/entity/Q127745,ln-gumilyov-eurasian-national-university-enu,grid.55380.3b
http://www.wikidata.org/entity/Q131252,university-chicago,grid.170205.1
http://www.wikidata.org/entity/Q132478,oxford-brookes-university,grid.7628.b
http://www.wikidata.org/entity/Q153006,freie-universitaet-berlin,grid.14095.39
http://www.wikidata.org/entity/Q161562,california-institute-technology-caltech,grid.20861.3d
http://www.wikidata.org/entity/Q195046,worcester-polytechnic-institute,grid.268323.e
http://www.wikidata.org/entity/Q259388,universite-de-nantes,grid.4817.a
http://www.wikidata.org/entity/Q267111,niigata-university,grid.260975.f
http://www.wikidata.org/entity/Q273604,ecole-normale-superieure-de-cachan,grid.6390.c
http://www.wikidata.org/entity/Q308963,university-salamanca,grid.11762.33
http://www.wikidata.org/entity/Q315658,university-wroclaw,grid.8505.8
http://www.wikidata.org/entity/Q322964,moscow-state-institute-international-relations-mgimo-university,grid.446171.1
http://www.wikidata.org/entity/Q322964,moscow-state-institute-international-relations-mgimo-university,grid.445986.2
http://www.wikidata.org/entity/Q348402,adam-mickiewicz-university-poznan,grid.5633.3
http://www.wikidata.org/entity/Q369839,university-szeged,grid.9008.1
http://www.wikidata.org/entity/Q375606,birkbeck-university-london,grid.88379.3d
http://www.wikidata.org/entity/Q469482,american-university-beirut-aub,grid.22903.3a
http://www.wikidata.org/entity/Q484900,gwangju-institute-science-technology-gist,grid.61221.36
http://www.wikidata.org/entity/Q491082,ajou-university,grid.251916.8
http://www.wikidata.org/entity/Q492318,university-alabama,grid.411015.0
http://www.wikidata.org/entity/Q569243,universiti-brunei-darussalam-ubd,grid.440600.6
http://www.wikidata.org/entity/Q573954,university-limerick,grid.10049.3c
http://www.wikidata.org/entity/Q586904,universidade-federal-do-rio-de-janeiro,grid.8536.8
http://www.wikidata.org/entity/Q591115,university-haifa,grid.18098.38
http://www.wikidata.org/entity/Q604444,university-pretoria,grid.49697.35
http://www.wikidata.org/entity/Q617433,syracuse-university,grid.264484.8
http://www.wikidata.org/entity/Q661056,universite-de-poitiers,grid.11166.31
http://www.wikidata.org/entity/Q684783,kanazawa-university,grid.9707.9
http://www.wikidata.org/entity/Q685557,tu-dortmund-university,grid.5675.1
http://www.wikidata.org/entity/Q689775,graz-university-technology,grid.410413.3
http://www.wikidata.org/entity/Q699543,national-taiwan-university-science-technology-taiwan-tech,grid.45907.3f
http://www.wikidata.org/entity/Q700758,universitat-des-saarlandes,grid.11749.3a
http://www.wikidata.org/entity/Q701818,taipei-medical-university-tmu,grid.412896.0
http://www.wikidata.org/entity/Q706712,national-taiwan-normal-university,grid.412090.e
http://www.wikidata.org/entity/Q707573,national-chung-hsing-university,grid.260542.7
http://www.wikidata.org/entity/Q726595,universite-de-rennes-1,grid.410368.8
http://www.wikidata.org/entity/Q735049,university-maryland-baltimore-county,grid.266673.0
http://www.wikidata.org/entity/Q742494,tomsk-state-university,grid.77602.34
http://www.wikidata.org/entity/Q750066,aston-university,grid.7273.1
http://www.wikidata.org/entity/Q756126,middle-east-technical-university,grid.6935.9
http://www.wikidata.org/entity/Q782682,indian-institute-technology-kanpur-iitk,grid.417965.8
http://www.wikidata.org/entity/Q784171,universidad-nacional-de-la-plata-unlp,grid.9499.d
http://www.wikidata.org/entity/Q858662,indian-institute-technology-madras-iitm,grid.417969.4
http://www.wikidata.org/entity/Q914024,yokohama-city-university,grid.268441.d
http://www.wikidata.org/entity/Q926068,university-navarra,grid.5924.a
http://www.wikidata.org/entity/Q941806,universidad-de-castilla-la-mancha,grid.8048.4
http://www.wikidata.org/entity/Q973767,pontificia-universidad-catolica-argentina,grid.412525.5
http://www.wikidata.org/entity/Q999763,universite-paris-1-pantheon-sorbonne,grid.10988.38
http://www.wikidata.org/entity/Q1031803,university-rome-tor-vergata,grid.6530.0
http://www.wikidata.org/entity/Q1052614,utah-state-university,grid.53857.3c
http://www.wikidata.org/entity/Q1060621,ankara-universitesi,grid.7256.6
http://www.wikidata.org/entity/Q1073674,university-milano-bicocca,grid.7563.7
http://www.wikidata.org/entity/Q1074117,renmin-peoples-university-china,grid.24539.39
http://www.wikidata.org/entity/Q1148782,kumamoto-university,grid.274841.c
http://www.wikidata.org/entity/Q1150245,kyushu-institute-technology,grid.258806.1
http://www.wikidata.org/entity/Q1150419,universidad-nacional-de-colombia,grid.10689.36
http://www.wikidata.org/entity/Q1163431,universite-psl,grid.440907.e
http://www.wikidata.org/entity/Q1186843,budapest-university-technology-economics,grid.6759.d
http://www.wikidata.org/entity/Q1193547,tulane-university,grid.265219.b
http://www.wikidata.org/entity/Q1194650,indian-institute-technology-delhi-iitd,grid.417967.a
http://www.wikidata.org/entity/Q1209029,shinshu-university,grid.263518.b
http://www.wikidata.org/entity/Q1236345,university-murcia,grid.10586.3a
http://www.wikidata.org/entity/Q1243705,university-modena-reggio-emilia,grid.7548.e
http://www.wikidata.org/entity/Q1247135,universidad-carlos-iii-de-madrid-uc3m,grid.7840.b
http://www.wikidata.org/entity/Q1301275,tokyo-university-agriculture-technology,grid.136594.c
http://www.wikidata.org/entity/Q1330634,universidade-de-brasilia,grid.7632.0
http://www.wikidata.org/entity/Q1424632,alexandria-university,grid.7155.6
http://www.wikidata.org/entity/Q1433199,indiana-university-purdue-university-indianapolis,grid.257413.6
http://www.wikidata.org/entity/Q1466666,national-research-tomsk-polytechnic-university,grid.27736.37
http://www.wikidata.org/entity/Q1472245,bauman-moscow-state-technical-university,grid.61569.3d
http://www.wikidata.org/entity/Q1510516,university-science-technology-beijing,grid.69775.3a
http://www.wikidata.org/entity/Q1516684,university-kent,grid.9759.2
http://www.wikidata.org/entity/Q1519696,prince-songkla-university,grid.7130.5
http://www.wikidata.org/entity/Q1544881,university-tampere,grid.5509.9
http://www.wikidata.org/entity/Q1574185,university-college-cork,grid.7872.a
http://www.wikidata.org/entity/Q1574578,qatar-university,grid.412603.2
http://www.wikidata.org/entity/Q1637611,palacky-university-olomouc,grid.10979.36
http://www.wikidata.org/entity/Q1661243,indian-institute-technology-kharagpur-iit-kgp,grid.429017.9
http://www.wikidata.org/entity/Q1737734,keele-university,grid.9757.c
http://www.wikidata.org/entity/Q1742161,university-mons,grid.8364.9
http://www.wikidata.org/entity/Q1789101,universidad-de-belgrano,grid.441616.0
http://www.wikidata.org/entity/Q1814435,university-new-england-australia,grid.1020.3
http://www.wikidata.org/entity/Q2075365,universidad-de-puerto-rico,grid.267033.3
http://www.wikidata.org/entity/Q2322256,universidade-federal-de-pernambuco-ufpe,grid.411227.3
http://www.wikidata.org/entity/Q2418908,belarusian-state-university,grid.17678.3f
http://www.wikidata.org/entity/Q2723670,ain-shams-university,grid.7269.a
http://www.wikidata.org/entity/Q3180921,tokyo-medical-dental-university-tmdu,grid.265073.5
http://www.wikidata.org/entity/Q3366382,indian-institute-technology-roorkee-iitr,grid.19003.3b
http://www.wikidata.org/entity/Q4115992,american-university-sharjah,grid.411365.4
http://www.wikidata.org/entity/Q4380853,missouri-university-science-technology,grid.260128.f
http://www.wikidata.org/entity/Q7896294,university-sharjah,grid.412789.1
http://www.wikidata.org/entity/Q1378,university-maribor,grid.8647.d
http://www.wikidata.org/entity/Q4041,universite-lumiere-lyon-2,grid.72960.3a
http://www.wikidata.org/entity/Q29293,escp-europe,grid.462233.2
http://www.wikidata.org/entity/Q29716,universidad-autonoma-de-nuevo-leon,grid.411455.0
http://www.wikidata.org/entity/Q46492,meiji-university,grid.411764.1
http://www.wikidata.org/entity/Q94810,universiti-tenaga-nasional-uniten,grid.484611.e
http://www.wikidata.org/entity/Q130965,fordham-university,grid.256023.0
http://www.wikidata.org/entity/Q173959,al-azhar-university,grid.411303.4
http://www.wikidata.org/entity/Q246534,assiut-university,grid.252487.e
http://www.wikidata.org/entity/Q265866,universidad-nacional-del-litoral,grid.10798.37
http://www.wikidata.org/entity/Q270145,universidad-nacional-mayor-de-san-marcos,grid.10800.39
http://www.wikidata.org/entity/Q273642,essec-business-school,grid.432649.e
http://www.wikidata.org/entity/Q280305,universidade-da-coruna,grid.8073.c
http://www.wikidata.org/entity/Q310842,mustansiriyah-university,grid.411309.e
http://www.wikidata.org/entity/Q368329,khon-kaen-university,grid.9786.0
http://www.wikidata.org/entity/Q411895,riga-technical-university,grid.6973.b
http://www.wikidata.org/entity/Q452406,kasetsart-university,grid.9723.f
http://www.wikidata.org/entity/Q482678,seoul-national-university-science-technology,grid.412485.e
http://www.wikidata.org/entity/Q495032,benemerita-universidad-autonoma-de-puebla,grid.411659.e
http://www.wikidata.org/entity/Q506330,bangladesh-university-engineering-technology,grid.411512.2
http://www.wikidata.org/entity/Q590643,miami-university,grid.259956.4
http://www.wikidata.org/entity/Q608338,university-bucharest,grid.5100.4
http://www.wikidata.org/entity/Q609586,shahid-beheshti-university-sbu,grid.412502.0
http://www.wikidata.org/entity/Q616359,aoyama-gakuin-university,grid.252311.6
http://www.wikidata.org/entity/Q696672,feng-chia-university,grid.411298.7
http://www.wikidata.org/entity/Q697299,national-chung-cheng-university,grid.412047.4
http://www.wikidata.org/entity/Q720953,university-colombo,grid.8065.b
http://www.wikidata.org/entity/Q757391,central-european-university,grid.5146.6
http://www.wikidata.org/entity/Q760690,universidad-de-los-andes-ula-merida,grid.267525.1
http://www.wikidata.org/entity/Q781371,australian-catholic-university,grid.411958.0
http://www.wikidata.org/entity/Q806116,banaras-hindu-university,grid.411507.6
http://www.wikidata.org/entity/Q815268,belarusian-national-technical-university-bntu,grid.9427.8
http://www.wikidata.org/entity/Q851164,corvinus-university-budapest,grid.17127.32
http://www.wikidata.org/entity/Q931642,cracow-university-technology,grid.22555.35
http://www.wikidata.org/entity/Q936476,universidad-central-de-venezuela,grid.8171.f
http://www.wikidata.org/entity/Q943759,vietnam-national-university-ho-chi-minh-city-vnu-hcm,grid.444808.4
http://www.wikidata.org/entity/Q947259,universidad-panamericana,grid.412242.3
http://www.wikidata.org/entity/Q961982,universidad-austral-de-chile,grid.7119.e
http://www.wikidata.org/entity/Q963709,tokai-university,grid.265061.6
http://www.wikidata.org/entity/Q1066188,charles-sturt-university,grid.1037.5
http://www.wikidata.org/entity/Q1069423,kyoto-institute-technology,grid.419025.b
http://www.wikidata.org/entity/Q1073666,yamaguchi-university,grid.268397.1
http://www.wikidata.org/entity/Q1138384,university-mississippi,grid.251313.7
http://www.wikidata.org/entity/Q1152190,ritsumeikan-university,grid.262576.2
http://www.wikidata.org/entity/Q1152391,ochanomizu-university,grid.412314.1
http://www.wikidata.org/entity/Q1153094,sophia-university,grid.412681.8
http://www.wikidata.org/entity/Q1187444,university-pecs,grid.9679.1
http://www.wikidata.org/entity/Q1192619,yokohama-national-university,grid.268446.a
http://www.wikidata.org/entity/Q1257946,tallinn-university,grid.8207.d
http://www.wikidata.org/entity/Q1278780,southern-cross-university,grid.1031.3
http://www.wikidata.org/entity/Q1394262,universite-paris-ouest-nanterre-la-defense,grid.7902.c
http://www.wikidata.org/entity/Q1421182,multimedia-university-mmu,grid.411865.f
http://www.wikidata.org/entity/Q1462246,university-patras,grid.11047.33
http://www.wikidata.org/entity/Q1467445,novosibirsk-state-technical-university,grid.77667.37
http://www.wikidata.org/entity/Q1474656,athens-university-economics-business,grid.16299.35
http://www.wikidata.org/entity/Q1480421,university-dhaka,grid.8198.8
http://www.wikidata.org/entity/Q1678753,poznan-university-technology,grid.6963.a
http://www.wikidata.org/entity/Q1719038,technical-university-kosice,grid.6903.c
http://www.wikidata.org/entity/Q1752712,nicolaus-copernicus-university,grid.5374.5
http://www.wikidata.org/entity/Q1758009,university-gdansk,grid.8585.0
http://www.wikidata.org/entity/Q1777988,south-ural-state-university-national-research-university,grid.440724.1
http://www.wikidata.org/entity/Q1778355,slovak-university-technology-bratislava,grid.440789.6
http://www.wikidata.org/entity/Q1781263,university-brescia,grid.7637.5
http://www.wikidata.org/entity/Q1788342,robert-gordon-university,grid.59490.31
http://www.wikidata.org/entity/Q1848657,university-tulsa,grid.267360.6
http://www.wikidata.org/entity/Q1856423,universidad-de-la-republica-udelar,grid.11630.35
http://www.wikidata.org/entity/Q1888771,manchester-metropolitan-university,grid.25627.34
http://www.wikidata.org/entity/Q1896148,university-greenwich,grid.36316.31
http://www.wikidata.org/entity/Q2000629,universidad-rey-juan-carlos,grid.28479.30
http://www.wikidata.org/entity/Q2004114,plekhanov-russian-university-economics,grid.446263.1
http://www.wikidata.org/entity/Q2007643,riga-stradins-university,grid.17330.36
http://www.wikidata.org/entity/Q2093477,universidad-simon-bolivar-usb,grid.412358.9
http://www.wikidata.org/entity/Q2140369,lodz-university-technology,grid.412284.9
http://www.wikidata.org/entity/Q2382644,siberian-federal-university-sibfu,grid.412592.9
http://www.wikidata.org/entity/Q2829294,al-akhawayn-university-ifrane,grid.442822.a
http://www.wikidata.org/entity/Q2840233,universidade-do-estado-do-rio-de-janeiro-uerj,grid.412211.5
http://www.wikidata.org/entity/Q2912244,universit-paul-valery-montpellier-3,grid.440910.8
http://www.wikidata.org/entity/Q3034637,universidad-tecnologica-de-panama-utp,grid.441509.d
http://www.wikidata.org/entity/Q3056815,university-huddersfield,grid.15751.37
http://www.wikidata.org/entity/Q3070702,king-faisal-university,grid.412140.2
http://www.wikidata.org/entity/Q3232206,universidad-tecnologica-nacional-utn,grid.440485.9
http://www.wikidata.org/entity/Q3273657,kuwait-university,grid.411196.a
http://www.wikidata.org/entity/Q3551328,universidad-de-talca,grid.10999.38
http://www.wikidata.org/entity/Q3716653,al-imam-mohammad-ibn-saud-islamic-university,grid.440750.2
http://www.wikidata.org/entity/Q3739702,kazakh-ablai-khan-university-international-relations-world-languages,grid.443424.1
http://www.wikidata.org/entity/Q3790133,universidade-federal-de-santa-maria,grid.411239.c
http://www.wikidata.org/entity/Q3997334,universidad-del-rosario,grid.412191.e
http://www.wikidata.org/entity/Q4120419,university-kufa,grid.442852.d
http://www.wikidata.org/entity/Q4200627,diponegoro-university,grid.412032.6
http://www.wikidata.org/entity/Q4446047,sumy-state-university,grid.446019.e
http://www.wikidata.org/entity/Q4760155,universidad-catolica-andres-bello,grid.442089.3
http://www.wikidata.org/entity/Q5055311,universidad-peruana-cayetano-heredia-upch,grid.11100.31
http://www.wikidata.org/entity/Q5255905,universidad-nacional-de-rosario-unr,grid.10814.3c
http://www.wikidata.org/entity/Q7452397,institute-technology-sepuluh-nopember,grid.444380.f
http://www.wikidata.org/entity/Q7710683,thapar-institute-engineering-technology-deemed-be-university,grid.412436.6
http://www.wikidata.org/entity/Q7894364,universidade-estadual-de-londrina,grid.411400.0
http://www.wikidata.org/entity/Q7895102,university-babylon,grid.427646.5
http://www.wikidata.org/entity/Q8067559,zayed-university,grid.444464.2
http://www.wikidata.org/entity/Q12204508,ajman-university,grid.444470.7
http://www.wikidata.org/entity/Q18360632,universidad-autonoma-del-estado-de-mexico-uaemex,grid.412872.a
http://www.wikidata.org/entity/Q31867,universidad-nacional-costa-rica,grid.10729.3d
http://www.wikidata.org/entity/Q180514,victoria-university,grid.1019.9
http://www.wikidata.org/entity/Q290456,osaka-prefecture-university,grid.261455.1
http://www.wikidata.org/entity/Q316595,whu-otto-beisheim-school-management,grid.454339.c
http://www.wikidata.org/entity/Q622906,universite-de-technologie-de-compiegne-utc,grid.6227.1
http://www.wikidata.org/entity/Q774609,scuola-superiore-santanna-pisa-di-studi-universitari-e-di-perfezionamento,grid.263145.7
http://www.wikidata.org/entity/Q837657,universitatea-de-vest-din-timisoara-west-university-timisoara,grid.14004.31
http://www.wikidata.org/entity/Q970751,universidade-catolica-portuguesa-ucp,grid.7831.d
http://www.wikidata.org/entity/Q1063665,university-economics-prague,grid.266283.b
http://www.wikidata.org/entity/Q1076729,vietnam-national-university-hanoi,grid.267852.c
http://www.wikidata.org/entity/Q1136829,insead,grid.424837.e
http://www.wikidata.org/entity/Q1149777,nagoya-institute-technology-nit,grid.47716.33
http://www.wikidata.org/entity/Q1259453,universidad-de-santiago-de-chile-usach,grid.412179.8
http://www.wikidata.org/entity/Q1348615,tuit-tashkent-university-information-technologies-named-after-muhammad-al-khwarizmi,grid.444819.4
http://www.wikidata.org/entity/Q1465448,university-politehnica-bucharest,grid.4551.5
http://www.wikidata.org/entity/Q1529514,notre-dame-university,grid.440405.1
http://www.wikidata.org/entity/Q1665121,institut-polytechnique-de-grenoble-grenoble-institute-technology,grid.5676.2
http://www.wikidata.org/entity/Q1756541,vytautas-magnus-university,grid.19190.30
http://www.wikidata.org/entity/Q1807470,voronezh-state-university,grid.20567.36
http://www.wikidata.org/entity/Q1933558,universite-de-toulouse-ii-le-mirail,grid.410542.6
http://www.wikidata.org/entity/Q4208096,kazakh-national-agrarian-university,grid.171588.2
http://www.wikidata.org/entity/Q4213691,karaganda-state-technical-university,grid.443546.4
http://www.wikidata.org/entity/Q4533962,auezov-south-kazakhstan-state-university-sksu,grid.443633.5
http://www.wikidata.org/entity/Q7382780,rutgers-state-university-new-jersey-newark,grid.469131.8
http://www.wikidata.org/entity/Q7970913,university-social-sciences-humanities,grid.433893.6
http://www.wikidata.org/entity/Q10387830,universidade-federal-do-espirito-santo,grid.412371.2
http://www.wikidata.org/entity/Q17372833,tashkent-institute-irrigation-agricultural-mechanization-engineers-tiiame,grid.444861.b
http://www.wikidata.org/entity/Q6399651,khalifa-university,grid.440568.b
http://www.wikidata.org/entity/Q15144,university-massachusetts-boston,grid.266685.9
http://www.wikidata.org/entity/Q24576,universitat-ramon-llull,grid.6162.3
http://www.wikidata.org/entity/Q27265,paris-lodron-university-salzburg,grid.7039.d
http://www.wikidata.org/entity/Q85449,national-technical-university-ukraine-igor-sikorsky-kyiv-polytechnic-institute,grid.440544.5
http://www.wikidata.org/entity/Q168000,american-university,grid.63124.32
http://www.wikidata.org/entity/Q178017,gunma-university,grid.256642.1
http://www.wikidata.org/entity/Q200601,pontificia-universidad-catolica-del-peru,grid.440592.e
http://www.wikidata.org/entity/Q204626,hitotsubashi-university,grid.412160.0
http://www.wikidata.org/entity/Q289348,london-south-bank-university,grid.4756.0
http://www.wikidata.org/entity/Q319761,aberystwyth-university,grid.8186.7
http://www.wikidata.org/entity/Q322668,german-jordanian-university,grid.440896.7
http://www.wikidata.org/entity/Q335924,kagoshima-university,grid.258333.c
http://www.wikidata.org/entity/Q344334,istanbul-technical-university,grid.10516.33
http://www.wikidata.org/entity/Q374457,sogang-university,grid.263736.5
http://www.wikidata.org/entity/Q389852,vilnius-gediminas-technical-university,grid.9424.b
http://www.wikidata.org/entity/Q464361,lebanese-american-university,grid.411323.6
http://www.wikidata.org/entity/Q467144,american-university-dubai,grid.444482.a
http://www.wikidata.org/entity/Q469476,american-university-cairo,grid.252119.c
http://www.wikidata.org/entity/Q482724,hallym-university,grid.256753.0
http://www.wikidata.org/entity/Q487804,dongguk-university,grid.255168.d
http://www.wikidata.org/entity/Q491127,dankook-university,grid.411982.7
http://www.wikidata.org/entity/Q492766,lobachevsky-university,grid.28171.3d
http://www.wikidata.org/entity/Q533235,ateneo-de-manila-university,grid.443223.0
http://www.wikidata.org/entity/Q604487,tallinn-university-technology,grid.6988.f
http://www.wikidata.org/entity/Q659706,illinois-institute-technology,grid.62813.3e
http://www.wikidata.org/entity/Q662976,university-paris-2-pantheon-assas,grid.33831.3a
http://www.wikidata.org/entity/Q690639,alpen-adria-universitaet-klagenfurt,grid.7520.0
http://www.wikidata.org/entity/Q702303,far-eastern-federal-university,grid.440624.0
http://www.wikidata.org/entity/Q758659,auckland-university-technology-aut,grid.252547.3
http://www.wikidata.org/entity/Q762266,city-university-new-york,grid.212340.6
http://www.wikidata.org/entity/Q837320,universidad-de-la-habana,grid.412165.5
http://www.wikidata.org/entity/Q839669,rudn-university,grid.77642.30
http://www.wikidata.org/entity/Q841775,taylors-university,grid.452879.5
http://www.wikidata.org/entity/Q861904,bilkent-university,grid.18376.3b
http://www.wikidata.org/entity/Q875637,college-william-mary,grid.264889.9
http://www.wikidata.org/entity/Q892188,bond-university,grid.1033.1
http://www.wikidata.org/entity/Q920456,karaganda-state-university-named-after-academician-eabuketov,grid.443550.3
http://www.wikidata.org/entity/Q931865,clarkson-university,grid.254280.9
http://www.wikidata.org/entity/Q954035,university-bradford,grid.6268.a
http://www.wikidata.org/entity/Q1064071,charles-darwin-university,grid.1043.6
http://www.wikidata.org/entity/Q1068752,howard-university,grid.257127.4
http://www.wikidata.org/entity/Q1071609,chiang-mai-university,grid.7132.7
http://www.wikidata.org/entity/Q1122171,brno-university-technology,grid.4994.0
http://www.wikidata.org/entity/Q1138080,coventry-university,grid.8096.7
http://www.wikidata.org/entity/Q1144682,beijing-foreign-studies-university,grid.443245.0
http://www.wikidata.org/entity/Q1148334,tokyo-metropolitan-university,grid.265074.2
http://www.wikidata.org/entity/Q1164068,national-technical-university-kharkiv-polytechnic-institute,grid.18192.33
http://www.wikidata.org/entity/Q1209733,thammasat-university,grid.412434.4
http://www.wikidata.org/entity/Q1247544,university-westminster,grid.12896.34
http://www.wikidata.org/entity/Q1284408,pontificia-universidad-catolica-de-valparaiso,grid.8170.e
http://www.wikidata.org/entity/Q1284960,edith-cowan-university,grid.1038.a
http://www.wikidata.org/entity/Q1305486,universidad-de-costa-rica,grid.412889.e
http://www.wikidata.org/entity/Q1310333,holy-spirit-university-kaslik,grid.444434.7
http://www.wikidata.org/entity/Q1324082,university-balamand,grid.33070.37
http://www.wikidata.org/entity/Q1342013,itmo-university,grid.35915.3b
http://www.wikidata.org/entity/Q1375986,gifu-university,grid.256342.4
http://www.wikidata.org/entity/Q1458695,v-n-karazin-kharkiv-national-university,grid.18999.30
http://www.wikidata.org/entity/Q1474019,university-hull,grid.9481.4
http://www.wikidata.org/entity/Q1494353,airlangga-university,grid.440745.6
http://www.wikidata.org/entity/Q1524992,international-islamic-university-malaysia-iium,grid.440422.4
http://www.wikidata.org/entity/Q1633859,institut-national-des-sciences-appliquees-de-lyon-insa,grid.15399.37
http://www.wikidata.org/entity/Q1665236,instituto-tecnologico-autonomo-de-mexico-itam,grid.454349.b
http://www.wikidata.org/entity/Q1711558,plymouth-university,grid.11201.33
http://www.wikidata.org/entity/Q1718656,warsaw-university-technology,grid.1035.7
http://www.wikidata.org/entity/Q1723289,universiti-utara-malaysia-uum,grid.462999.9
http://www.wikidata.org/entity/Q1734762,kazakh-british-technical-university,grid.443463.2
http://www.wikidata.org/entity/Q1734795,abai-kazakh-national-pedagogical-university,grid.443468.9
http://www.wikidata.org/entity/Q1808326,sultan-qaboos-university,grid.412846.d
http://www.wikidata.org/entity/Q1809949,lappeenranta-university-technology,grid.12332.31
http://www.wikidata.org/entity/Q1815994,pontificia-universidade-catolica-de-sao-paulo,grid.412529.9
http://www.wikidata.org/entity/Q1817355,lviv-polytechnic-national-university,grid.10067.30
http://www.wikidata.org/entity/Q1857293,pontificia-universidade-catolica-do-rio-de-janeiro,grid.4839.6
http://www.wikidata.org/entity/Q2065921,southern-federal-university,grid.182798.d
http://www.wikidata.org/entity/Q2096395,universiti-teknologi-petronas-petronas,grid.444487.f
http://www.wikidata.org/entity/Q2302473,university-crete,grid.8127.c
http://www.wikidata.org/entity/Q2306715,bogor-agricultural-university,grid.440754.6
http://www.wikidata.org/entity/Q2340211,jamia-millia-islamia-new-delhi,grid.411818.5
http://www.wikidata.org/entity/Q2495713,universidad-san-francisco-de-quito-usfq,grid.412251.1
http://www.wikidata.org/entity/Q2503794,northumbria-university-newcastle,grid.42629.3b
http://www.wikidata.org/entity/Q2579702,jadavpur-university,grid.216499.1
http://www.wikidata.org/entity/Q3068593,instituto-tecnologico-de-buenos-aires-itba,grid.441574.7
http://www.wikidata.org/entity/Q3133606,umm-al-qura-university,grid.412832.e
http://www.wikidata.org/entity/Q3181122,universitas-padjadjaran,grid.11553.33
http://www.wikidata.org/entity/Q3696003,national-university-sciences-technology-nust-islamabad,grid.412117.0
http://www.wikidata.org/entity/Q4062936,altai-state-university,grid.77225.35
http://www.wikidata.org/entity/Q4095278,manipal-academy-higher-education,grid.411639.8
http://www.wikidata.org/entity/Q4115110,iran-university-science-technology,grid.411748.f
http://www.wikidata.org/entity/Q4315005,national-university-science-technology-misis,grid.35043.31
http://www.wikidata.org/entity/Q4670157,abu-dhabi-university,grid.444459.c
http://www.wikidata.org/entity/Q4767563,anna-university,
http://www.wikidata.org/entity/Q5013372,comsats-institute-information-technology,grid.418920.6
http://www.wikidata.org/entity/Q6039029,universiti-teknologi-brunei,grid.454314.3
http://www.wikidata.org/entity/Q6411791,king-khalid-university,grid.412144.6
http://www.wikidata.org/entity/Q6978828,national-taipei-university-technology,grid.412087.8
http://www.wikidata.org/entity/Q7395882,sabanci-university,grid.5334.1
http://www.wikidata.org/entity/Q7422990,sarajevo-school-science-technology,grid.462821.b
http://www.wikidata.org/entity/Q7864125,ucsi-university,grid.444472.5
http://www.wikidata.org/entity/Q7895319,imam-abdulrahman-bin-faisal-university-iau-formerly-university-dammam,grid.411975.f
http://www.wikidata.org/entity/Q7896057,universidad-de-palermo,grid.441624.1
