item,Times_Higher_Education_World_University_ID,GRID_ID
http://www.wikidata.org/entity/Q1060,hamburg-university-technology,grid.6884.2
http://www.wikidata.org/entity/Q10159,ecole-normale-superieure-de-lyon,grid.15140.31
http://www.wikidata.org/entity/Q10177,ecole-centrale-de-lyon,grid.15401.31
http://www.wikidata.org/entity/Q13344,university-bordeaux,grid.412041.2
http://www.wikidata.org/entity/Q13371,harvard-university,grid.38142.3c
http://www.wikidata.org/entity/Q21578,princeton-university,grid.16750.35
http://www.wikidata.org/entity/Q28695,university-helsinki,grid.7737.4
http://www.wikidata.org/entity/Q31519,charles-university-prague,grid.4491.8
http://www.wikidata.org/entity/Q41506,stanford-university,grid.168010.e
http://www.wikidata.org/entity/Q43452,autonomous-university-barcelona,grid.7080.f
http://www.wikidata.org/entity/Q49088,columbia-university,grid.21729.3f
http://www.wikidata.org/entity/Q49112,yale-university,grid.47100.32
http://www.wikidata.org/entity/Q49115,cornell-university,grid.5386.8
http://www.wikidata.org/entity/Q49118,boston-college,grid.208226.c
http://www.wikidata.org/entity/Q49119,brandeis-university,grid.253264.4
http://www.wikidata.org/entity/Q84151,taras-shevchenko-national-university-kyiv,grid.34555.32
http://www.wikidata.org/entity/Q122453,university-stuttgart,grid.5719.a
http://www.wikidata.org/entity/Q129421,university-california-davis,grid.27860.3b
http://www.wikidata.org/entity/Q156725,university-hamburg,grid.9026.d
http://www.wikidata.org/entity/Q161982,johannes-gutenberg-university-mainz,grid.5802.f
http://www.wikidata.org/entity/Q168751,duke-university,grid.26009.3d
http://www.wikidata.org/entity/Q168756,university-california-berkeley,grid.47840.3f
http://www.wikidata.org/entity/Q174158,hebrew-university-jerusalem,grid.9619.7
http://www.wikidata.org/entity/Q178848,university-notre-dame-0,grid.131063.6
http://www.wikidata.org/entity/Q185246,uppsala-university,grid.8993.b
http://www.wikidata.org/entity/Q186638,universite-de-versailles-saint-quentin-en-yvelines,grid.12832.3a
http://www.wikidata.org/entity/Q190080,carnegie-mellon-university,grid.147455.6
http://www.wikidata.org/entity/Q193196,ucl,grid.83440.3b
http://www.wikidata.org/entity/Q193727,johns-hopkins-university,grid.21107.35
http://www.wikidata.org/entity/Q194445,cairo-university,grid.7776.1
http://www.wikidata.org/entity/Q199948,university-concepcion,grid.5380.e
http://www.wikidata.org/entity/Q201603,simon-fraser-university,grid.61971.38
http://www.wikidata.org/entity/Q219563,university-washington,grid.34477.33
http://www.wikidata.org/entity/Q219694,complutense-university-madrid,grid.4795.f
http://www.wikidata.org/entity/Q229022,catholic-university-sacred-heart,grid.8142.f
http://www.wikidata.org/entity/Q277664,tampere-university-technology,grid.6986.1
http://www.wikidata.org/entity/Q300980,aalto-university,grid.5373.2
http://www.wikidata.org/entity/Q309948,ruhr-university-bochum,grid.5570.7
http://www.wikidata.org/entity/Q317070,university-mannheim,grid.5601.2
http://www.wikidata.org/entity/Q326282,universite-du-quebec,grid.265695.b
http://www.wikidata.org/entity/Q503415,university-maryland-college-park,grid.164295.d
http://www.wikidata.org/entity/Q528231,goldsmiths-university-london,grid.15874.3f
http://www.wikidata.org/entity/Q534643,university-witwatersrand,grid.11951.3d
http://www.wikidata.org/entity/Q615154,university-silesia-katowice,grid.11866.38
http://www.wikidata.org/entity/Q659080,university-bern,grid.5734.5
http://www.wikidata.org/entity/Q665105,university-delhi,grid.8195.5
http://www.wikidata.org/entity/Q672416,scuola-normale-superiore-di-pisa,grid.6093.c
http://www.wikidata.org/entity/Q689400,vienna-university-technology,grid.5329.d
http://www.wikidata.org/entity/Q691851,university-naples-federico-ii,grid.4691.a
http://www.wikidata.org/entity/Q761534,university-georgia,grid.213876.9
http://www.wikidata.org/entity/Q763586,masaryk-university,grid.10267.32
http://www.wikidata.org/entity/Q766145,university-oregon,grid.170202.6
http://www.wikidata.org/entity/Q835440,university-konstanz,grid.9811.1
http://www.wikidata.org/entity/Q838330,university-wisconsin-madison,grid.14003.36
http://www.wikidata.org/entity/Q849751,york-university,grid.21100.32
http://www.wikidata.org/entity/Q868421,university-california-irvine,grid.266093.8
http://www.wikidata.org/entity/Q921088,doshisha-university,grid.255178.c
http://www.wikidata.org/entity/Q1047060,case-western-reserve-university,grid.67105.35
http://www.wikidata.org/entity/Q1065414,vrije-universiteit-amsterdam,grid.12380.38
http://www.wikidata.org/entity/Q1095773,clark-university,grid.254277.1
http://www.wikidata.org/entity/Q1131088,pontifical-catholic-university-parana,grid.412522.2
http://www.wikidata.org/entity/Q1132346,north-carolina-state-university,grid.40803.3f
http://www.wikidata.org/entity/Q1143960,utsunomiya-university,grid.267687.a
http://www.wikidata.org/entity/Q1193155,koc-university,grid.15876.3d
http://www.wikidata.org/entity/Q1202039,royal-holloway-university-london,grid.4970.a
http://www.wikidata.org/entity/Q1202897,dublin-city-university,grid.15596.3e
http://www.wikidata.org/entity/Q1229996,university-seville,grid.9224.d
http://www.wikidata.org/entity/Q1232180,university-granada,grid.4489.1
http://www.wikidata.org/entity/Q1247543,vsb-technical-university-ostrava,grid.440850.d
http://www.wikidata.org/entity/Q1329478,czech-technical-university-prague,grid.6652.7
http://www.wikidata.org/entity/Q1343885,monterrey-institute-technology-and-higher-education,grid.419886.a
http://www.wikidata.org/entity/Q1357517,university-oulu,grid.10858.34
http://www.wikidata.org/entity/Q1422903,university-porto,grid.5808.5
http://www.wikidata.org/entity/Q1423677,university-sunshine-coast,grid.1034.6
http://www.wikidata.org/entity/Q1468161,university-colorado-denver,grid.241116.1
http://www.wikidata.org/entity/Q1473677,university-santiago-de-compostela,grid.11794.3a
http://www.wikidata.org/entity/Q1478723,la-trobe-university,grid.1018.8
http://www.wikidata.org/entity/Q1496662,gazi-university,grid.25769.3f
http://www.wikidata.org/entity/Q1521725,louisiana-state-university,grid.64337.35
http://www.wikidata.org/entity/Q1544739,united-arab-emirates-university,grid.43519.3a
http://www.wikidata.org/entity/Q1546906,ca-foscari-university-venice,grid.7240.1
http://www.wikidata.org/entity/Q1661242,indian-institute-technology-bombay,grid.417971.d
http://www.wikidata.org/entity/Q1751060,university-trieste,grid.5133.4
http://www.wikidata.org/entity/Q1752540,university-calabria,grid.7778.f
http://www.wikidata.org/entity/Q1755318,university-wisconsin-milwaukee,grid.267468.9
http://www.wikidata.org/entity/Q1760791,middlesex-university,grid.15822.3c
http://www.wikidata.org/entity/Q1857773,university-central-lancashire,grid.7943.9
http://www.wikidata.org/entity/Q1973888,university-west-bohemia,grid.22557.37
http://www.wikidata.org/entity/Q2034790,east-china-normal-university,grid.22069.3f
http://www.wikidata.org/entity/Q2119752,university-urbino-carlo-bo,grid.12711.34
http://www.wikidata.org/entity/Q2302586,aix-marseille-university,grid.5399.6
http://www.wikidata.org/entity/Q2413375,open-university,grid.10837.3d
http://www.wikidata.org/entity/Q2579532,universite-de-sherbrooke,grid.86715.3d
http://www.wikidata.org/entity/Q2749558,federal-university-ceara-ufc,grid.8395.7
http://www.wikidata.org/entity/Q3551402,de-montfort-university,grid.48815.30
http://www.wikidata.org/entity/Q3695910,teesside-university,grid.26597.3f
http://www.wikidata.org/entity/Q4748684,amrita-university,grid.411370.0
http://www.wikidata.org/entity/Q5520696,gitam-university,grid.411710.2
http://www.wikidata.org/entity/Q19203245,centralesupelec,grid.494567.d
http://www.wikidata.org/entity/Q41497113,sorbonne-university,
http://www.wikidata.org/entity/Q4614,university-southern-california,grid.42505.36
http://www.wikidata.org/entity/Q7842,university-tokyo,grid.26999.3d
http://www.wikidata.org/entity/Q15568,university-hong-kong,grid.194645.b
http://www.wikidata.org/entity/Q24382,bielefeld-university,grid.7491.b
http://www.wikidata.org/entity/Q27621,saint-petersburg-state-university,grid.15447.33
http://www.wikidata.org/entity/Q29052,vanderbilt-university,grid.152326.1
http://www.wikidata.org/entity/Q40018,pohang-university-science-and-technology,grid.49100.3c
http://www.wikidata.org/entity/Q40025,university-erlangen-nuremberg,grid.5330.5
http://www.wikidata.org/entity/Q41085,sungkyunkwan-university-skku,grid.264381.a
http://www.wikidata.org/entity/Q43401,national-chiao-tung-university,grid.260539.b
http://www.wikidata.org/entity/Q43406,national-tsing-hua-university,grid.38348.34
http://www.wikidata.org/entity/Q49206,university-connecticut,grid.63054.34
http://www.wikidata.org/entity/Q49213,university-texas-austin,grid.89336.37
http://www.wikidata.org/entity/Q54096,university-cologne-0,grid.6190.e
http://www.wikidata.org/entity/Q115220,hiroshima-university,grid.257022.0
http://www.wikidata.org/entity/Q153987,university-freiburg,grid.5963.9
http://www.wikidata.org/entity/Q154561,friedrich-schiller-university-jena,grid.9613.d
http://www.wikidata.org/entity/Q156737,university-kiel,grid.9764.c
http://www.wikidata.org/entity/Q161976,university-wurzburg,grid.8379.5
http://www.wikidata.org/entity/Q168426,university-munster,grid.5949.1
http://www.wikidata.org/entity/Q168515,university-utah,grid.223827.e
http://www.wikidata.org/entity/Q174710,university-california-los-angeles,grid.19006.3e
http://www.wikidata.org/entity/Q175241,university-antwerp,grid.5284.b
http://www.wikidata.org/entity/Q180865,university-toronto,grid.17063.33
http://www.wikidata.org/entity/Q182973,university-iowa,grid.214572.7
http://www.wikidata.org/entity/Q192334,university-north-carolina-chapel-hill,grid.10698.36
http://www.wikidata.org/entity/Q204457,university-bergen,grid.7914.b
http://www.wikidata.org/entity/Q206702,university-zurich,grid.7400.3
http://www.wikidata.org/entity/Q213439,university-virginia,grid.27755.32
http://www.wikidata.org/entity/Q219615,university-barcelona,grid.5841.8
http://www.wikidata.org/entity/Q221653,utrecht-university,grid.5477.1
http://www.wikidata.org/entity/Q222738,national-autonomous-university-mexico,grid.9486.3
http://www.wikidata.org/entity/Q230492,university-michigan,grid.214458.e
http://www.wikidata.org/entity/Q232141,university-chile,grid.443909.3
http://www.wikidata.org/entity/Q263064,university-california-santa-barbara,grid.133342.4
http://www.wikidata.org/entity/Q270532,university-aberdeen,grid.7107.1
http://www.wikidata.org/entity/Q273263,rwth-aachen-university,grid.1957.a
http://www.wikidata.org/entity/Q280824,eindhoven-university-technology,grid.6852.9
http://www.wikidata.org/entity/Q282097,oregon-health-and-science-university,grid.5288.7
http://www.wikidata.org/entity/Q371522,university-gothenburg,grid.8761.8
http://www.wikidata.org/entity/Q392904,polytechnic-university-milan,grid.4643.5
http://www.wikidata.org/entity/Q422208,wageningen-university-research,grid.4818.5
http://www.wikidata.org/entity/Q432637,george-washington-university,grid.253615.6
http://www.wikidata.org/entity/Q457281,university-illinois-urbana-champaign,grid.35403.31
http://www.wikidata.org/entity/Q486156,university-oslo,grid.5510.1
http://www.wikidata.org/entity/Q501758,university-florida,grid.15276.37
http://www.wikidata.org/entity/Q503424,university-leeds,grid.9909.9
http://www.wikidata.org/entity/Q547867,national-and-kapodistrian-university-athens,grid.5216.0
http://www.wikidata.org/entity/Q579321,dalhousie-university,grid.55602.34
http://www.wikidata.org/entity/Q604470,shandong-university,grid.27255.37
http://www.wikidata.org/entity/Q644478,national-university-ireland-galway,grid.6142.1
http://www.wikidata.org/entity/Q649868,hunan-university,grid.67293.39
http://www.wikidata.org/entity/Q658975,university-lausanne,grid.9851.5
http://www.wikidata.org/entity/Q667568,aristotle-university-thessaloniki,grid.4793.9
http://www.wikidata.org/entity/Q681025,university-buffalo,grid.273335.3
http://www.wikidata.org/entity/Q700731,medical-university-vienna,grid.22937.3d
http://www.wikidata.org/entity/Q706708,national-cheng-kung-university-ncku,grid.64523.36
http://www.wikidata.org/entity/Q734764,university-new-south-wales,grid.1005.4
http://www.wikidata.org/entity/Q734774,saint-louis-university,grid.262962.b
http://www.wikidata.org/entity/Q736674,university-colorado-boulder,grid.266190.a
http://www.wikidata.org/entity/Q737332,ben-gurion-university-negev,grid.7489.2
http://www.wikidata.org/entity/Q738258,university-miami,grid.26790.3a
http://www.wikidata.org/entity/Q776223,montpellier-university,grid.121334.6
http://www.wikidata.org/entity/Q777403,washington-university-st-louis,grid.4367.6
http://www.wikidata.org/entity/Q787234,swinburne-university-technology,grid.1027.4
http://www.wikidata.org/entity/Q788091,autonomous-university-madrid,grid.5515.4
http://www.wikidata.org/entity/Q815432,keio-university,grid.26091.3c
http://www.wikidata.org/entity/Q823917,university-sheffield,grid.11835.3e
http://www.wikidata.org/entity/Q835662,ulm-university,grid.6582.9
http://www.wikidata.org/entity/Q835960,university-sao-paulo,grid.11899.38
http://www.wikidata.org/entity/Q850730,university-groningen,grid.4830.f
http://www.wikidata.org/entity/Q875788,university-innsbruck,grid.5771.4
http://www.wikidata.org/entity/Q948720,indian-institute-science,grid.34980.36
http://www.wikidata.org/entity/Q969850,stony-brook-university,grid.36425.36
http://www.wikidata.org/entity/Q1061104,university-california-san-francisco,grid.266102.1
http://www.wikidata.org/entity/Q1067916,okayama-university,grid.261356.5
http://www.wikidata.org/entity/Q1068072,university-delaware,grid.33489.35
http://www.wikidata.org/entity/Q1074015,ocean-university-china,grid.4422.0
http://www.wikidata.org/entity/Q1074103,university-science-and-technology-china,grid.59053.3a
http://www.wikidata.org/entity/Q1075148,university-california-riverside,grid.266097.c
http://www.wikidata.org/entity/Q1122926,university-lisbon,grid.9983.b
http://www.wikidata.org/entity/Q1124657,bar-ilan-university,grid.22098.31
http://www.wikidata.org/entity/Q1129925,pontifical-catholic-university-chile,grid.7870.8
http://www.wikidata.org/entity/Q1144750,queensland-university-technology,grid.1024.7
http://www.wikidata.org/entity/Q1187271,hong-kong-polytechnic-university,grid.16890.36
http://www.wikidata.org/entity/Q1188786,kyushu-university,grid.177174.3
http://www.wikidata.org/entity/Q1202292,griffith-university,grid.1022.1
http://www.wikidata.org/entity/Q1312762,swedish-university-agricultural-sciences,grid.6341.0
http://www.wikidata.org/entity/Q1321803,chiba-university,grid.136304.3
http://www.wikidata.org/entity/Q1333303,hong-kong-university-science-and-technology,grid.24515.37
http://www.wikidata.org/entity/Q1414861,university-exeter,grid.8391.3
http://www.wikidata.org/entity/Q1420239,temple-university,grid.264727.2
http://www.wikidata.org/entity/Q1477368,dalian-university-technology,grid.30055.33
http://www.wikidata.org/entity/Q2031560,tianjin-university,grid.33763.32
http://www.wikidata.org/entity/Q2093139,university-eastern-finland,grid.9668.1
http://www.wikidata.org/entity/Q2748799,chang-gung-university,grid.145695.a
http://www.wikidata.org/entity/Q3551770,southeast-university,grid.263826.b
http://www.wikidata.org/entity/Q5035687,capital-medical-university,grid.24696.3f
http://www.wikidata.org/entity/Q5061828,central-south-university,grid.216417.7
http://www.wikidata.org/entity/Q5971900,university-electronic-science-and-technology-china,grid.54549.39
http://www.wikidata.org/entity/Q11942,eth-zurich-swiss-federal-institute-technology-zurich,grid.5801.c
http://www.wikidata.org/entity/Q15142,university-massachusetts,grid.266683.f
http://www.wikidata.org/entity/Q16955,tsinghua-university,grid.12527.33
http://www.wikidata.org/entity/Q29673,university-minho,grid.10328.38
http://www.wikidata.org/entity/Q31249,kansas-state-university,grid.36567.31
http://www.wikidata.org/entity/Q32751,national-sun-yat-sen-university,grid.412036.2
http://www.wikidata.org/entity/Q34433,university-oxford,grid.4991.5
http://www.wikidata.org/entity/Q35794,university-cambridge,grid.5335.0
http://www.wikidata.org/entity/Q37548,northeastern-university,grid.261112.7
http://www.wikidata.org/entity/Q49117,university-pennsylvania,grid.25879.31
http://www.wikidata.org/entity/Q49120,tufts-university,grid.429997.8
http://www.wikidata.org/entity/Q59668,university-luxembourg,grid.16008.3f
http://www.wikidata.org/entity/Q149990,university-rochester,grid.16416.34
http://www.wikidata.org/entity/Q152087,humboldt-university-berlin,grid.7468.d
http://www.wikidata.org/entity/Q152171,university-bonn,grid.10388.32
http://www.wikidata.org/entity/Q153978,university-tubingen,grid.10392.39
http://www.wikidata.org/entity/Q186285,university-copenhagen,grid.5254.6
http://www.wikidata.org/entity/Q193510,university-padua,grid.5608.b
http://www.wikidata.org/entity/Q216273,university-st-andrews,grid.11914.3c
http://www.wikidata.org/entity/Q235034,university-pittsburgh,grid.21925.3d
http://www.wikidata.org/entity/Q245247,kings-college-london,grid.13097.3c
http://www.wikidata.org/entity/Q273626,ecole-polytechnique,grid.10877.39
http://www.wikidata.org/entity/Q279724,uit-arctic-university-norway,grid.10919.30
http://www.wikidata.org/entity/Q319239,tel-aviv-university,grid.12136.37
http://www.wikidata.org/entity/Q378134,universite-catholique-de-louvain,grid.7942.8
http://www.wikidata.org/entity/Q457793,federico-santa-maria-technical-university,grid.12148.3e
http://www.wikidata.org/entity/Q472316,university-nottingham,grid.4563.4
http://www.wikidata.org/entity/Q487556,university-sydney,grid.1013.3
http://www.wikidata.org/entity/Q499510,university-liverpool,grid.10025.36
http://www.wikidata.org/entity/Q534515,university-indonesia,grid.9581.5
http://www.wikidata.org/entity/Q597236,washington-state-university,grid.30064.31
http://www.wikidata.org/entity/Q600634,pontifical-catholic-university-rio-grande-do-sul-pucrs,grid.412519.a
http://www.wikidata.org/entity/Q622664,university-california-san-diego,grid.266100.3
http://www.wikidata.org/entity/Q633529,erasmus-university-rotterdam,grid.6906.9
http://www.wikidata.org/entity/Q649998,university-nairobi,grid.10604.33
http://www.wikidata.org/entity/Q651233,osaka-university,grid.136593.b
http://www.wikidata.org/entity/Q678982,leibniz-university-hanover,grid.9122.8
http://www.wikidata.org/entity/Q682739,johannes-kepler-university-linz,grid.9970.7
http://www.wikidata.org/entity/Q683580,nanjing-university,grid.41156.37
http://www.wikidata.org/entity/Q728840,university-pardubice,grid.11028.3a
http://www.wikidata.org/entity/Q737835,university-tehran,grid.46072.37
http://www.wikidata.org/entity/Q841581,sofia-university,grid.11355.33
http://www.wikidata.org/entity/Q854280,kth-royal-institute-technology,grid.5037.1
http://www.wikidata.org/entity/Q861888,oregon-state-university,grid.4391.f
http://www.wikidata.org/entity/Q866012,university-queensland,grid.1003.2
http://www.wikidata.org/entity/Q913861,san-diego-state-university,grid.263081.e
http://www.wikidata.org/entity/Q972553,metropolitan-autonomous-university,grid.7220.7
http://www.wikidata.org/entity/Q981237,xian-jiaotong-university,grid.43169.39
http://www.wikidata.org/entity/Q1026846,california-polytechnic-state-university-san-luis-obispo,grid.253547.2
http://www.wikidata.org/entity/Q1045828,university-east-anglia,grid.8273.e
http://www.wikidata.org/entity/Q1047293,university-california-santa-cruz,grid.205975.c
http://www.wikidata.org/entity/Q1048898,university-vermont,grid.59062.38
http://www.wikidata.org/entity/Q1049470,university-waterloo,grid.46078.3d
http://www.wikidata.org/entity/Q1053985,central-queensland-university,grid.1023.0
http://www.wikidata.org/entity/Q1066492,stellenbosch-university,grid.11956.3a
http://www.wikidata.org/entity/Q1067471,university-calgary,grid.22072.35
http://www.wikidata.org/entity/Q1068258,university-college-dublin,grid.7886.1
http://www.wikidata.org/entity/Q1094046,city-university-london,grid.28577.3f
http://www.wikidata.org/entity/Q1124228,royal-college-surgeons-ireland,grid.4912.e
http://www.wikidata.org/entity/Q1137665,ghent-university,grid.5342.0
http://www.wikidata.org/entity/Q1145497,curtin-university,grid.1032.0
http://www.wikidata.org/entity/Q1161297,university-sussex,grid.12082.39
http://www.wikidata.org/entity/Q1248821,university-catania,grid.8158.4
http://www.wikidata.org/entity/Q1267725,tomas-bata-university-zlin,grid.21678.3a
http://www.wikidata.org/entity/Q1291752,technical-university-liberec,grid.6912.c
http://www.wikidata.org/entity/Q1305521,university-south-dakota,grid.267169.d
http://www.wikidata.org/entity/Q1316229,diego-portales-university,grid.412193.c
http://www.wikidata.org/entity/Q1321380,university-north-carolina-greensboro,grid.266860.c
http://www.wikidata.org/entity/Q1333399,university-leicester,grid.9918.9
http://www.wikidata.org/entity/Q1353679,university-nebraska-lincoln,grid.24434.35
http://www.wikidata.org/entity/Q1379834,peter-great-st-petersburg-polytechnic-university,grid.32495.39
http://www.wikidata.org/entity/Q1460141,czech-university-life-sciences-prague-culs,grid.15866.3c
http://www.wikidata.org/entity/Q1472663,university-alabama-birmingham,grid.265892.2
http://www.wikidata.org/entity/Q1495387,texas-state-university,grid.264772.2
http://www.wikidata.org/entity/Q1509333,georgia-state-university,grid.256304.6
http://www.wikidata.org/entity/Q1514848,university-saskatchewan,grid.25152.31
http://www.wikidata.org/entity/Q1517021,university-western-australia,grid.1012.2
http://www.wikidata.org/entity/Q1546014,university-valparaiso,grid.412185.b
http://www.wikidata.org/entity/Q1569421,university-andes-colombia,grid.7247.6
http://www.wikidata.org/entity/Q1627967,liverpool-john-moores-university,grid.4425.7
http://www.wikidata.org/entity/Q1640731,polytechnic-university-catalonia,grid.6835.8
http://www.wikidata.org/entity/Q1745633,university-hertfordshire,grid.5846.f
http://www.wikidata.org/entity/Q1783294,university-ostrava,grid.412684.d
http://www.wikidata.org/entity/Q1959511,higher-school-economics,grid.410682.9
http://www.wikidata.org/entity/Q2065769,university-windsor,grid.267455.7
http://www.wikidata.org/entity/Q2092392,university-dayton,grid.266231.2
http://www.wikidata.org/entity/Q2096524,ulster-university,grid.12641.30
http://www.wikidata.org/entity/Q2096604,sharif-university-technology,grid.412553.4
http://www.wikidata.org/entity/Q2684607,autonomous-university-yucatan,grid.412864.d
http://www.wikidata.org/entity/Q2738622,university-salford,grid.8752.8
http://www.wikidata.org/entity/Q3135913,savitribai-phule-pune-university,grid.32056.32
http://www.wikidata.org/entity/Q3182943,bournemouth-university,grid.17236.31
http://www.wikidata.org/entity/Q3275551,annamalai-university,grid.411408.8
http://www.wikidata.org/entity/Q3298919,vit-university,grid.412813.d
http://www.wikidata.org/entity/Q3918532,university-peshawar,grid.266976.a
http://www.wikidata.org/entity/Q4826824,autonomous-university-baja-california,grid.412852.8
http://www.wikidata.org/entity/Q5952880,tamkang-university,grid.264580.d
http://www.wikidata.org/entity/Q6021557,indian-institute-technology-indian-school-mines-dhanbad,grid.417984.7
http://www.wikidata.org/entity/Q7894245,autonomous-university-hidalgo-state-uaeh,grid.412866.f
http://www.wikidata.org/entity/Q21574120,samara-state-aerospace-university,grid.79011.3e
http://www.wikidata.org/entity/Q4032,claude-bernard-university-lyon-1,grid.7849.2
http://www.wikidata.org/entity/Q15570,chinese-university-hong-kong,grid.10784.3a
http://www.wikidata.org/entity/Q15574,university-adelaide,grid.1010.0
http://www.wikidata.org/entity/Q16947,tongji-university,grid.24516.34
http://www.wikidata.org/entity/Q24543,pompeu-fabra-university,grid.5612.0
http://www.wikidata.org/entity/Q32746,national-taiwan-university,grid.19188.39
http://www.wikidata.org/entity/Q39913,seoul-national-university,grid.31501.36
http://www.wikidata.org/entity/Q39949,korea-advanced-institute-science-and-technology-kaist,grid.37172.30
http://www.wikidata.org/entity/Q49110,boston-university,grid.189504.1
http://www.wikidata.org/entity/Q49114,brown-university,grid.40263.33
http://www.wikidata.org/entity/Q49116,dartmouth-college,grid.254880.3
http://www.wikidata.org/entity/Q49210,new-york-university,grid.137628.9
http://www.wikidata.org/entity/Q49212,texas-am-university,grid.264756.4
http://www.wikidata.org/entity/Q151510,heidelberg-university-0,grid.7700.0
http://www.wikidata.org/entity/Q154804,leipzig-university,grid.9647.c
http://www.wikidata.org/entity/Q156598,leiden-university,grid.5132.5
http://www.wikidata.org/entity/Q157808,technical-university-munich,grid.6936.a
http://www.wikidata.org/entity/Q189441,jagiellonian-university,grid.5522.0
http://www.wikidata.org/entity/Q192964,istanbul-university,grid.9601.e
http://www.wikidata.org/entity/Q201492,mcgill-university,grid.14709.3b
http://www.wikidata.org/entity/Q209344,sapienza-university-rome,grid.7841.a
http://www.wikidata.org/entity/Q219564,karolinska-institute,grid.4714.6
http://www.wikidata.org/entity/Q223429,university-birmingham,grid.6572.6
http://www.wikidata.org/entity/Q258464,trinity-college-dublin,grid.8217.c
http://www.wikidata.org/entity/Q270222,michigan-state-university,grid.17088.36
http://www.wikidata.org/entity/Q281155,gebze-technical-university,grid.448834.7
http://www.wikidata.org/entity/Q283032,pondicherry-university,grid.412517.4
http://www.wikidata.org/entity/Q309331,ohio-state-university,grid.261331.4
http://www.wikidata.org/entity/Q309350,northwestern-university,grid.16753.36
http://www.wikidata.org/entity/Q309988,karlsruhe-institute-technology,grid.7892.4
http://www.wikidata.org/entity/Q333705,technion-israel-institute-technology,grid.6451.6
http://www.wikidata.org/entity/Q333886,georgetown-university,grid.213910.8
http://www.wikidata.org/entity/Q400422,national-research-saratov-state-university,grid.446088.6
http://www.wikidata.org/entity/Q450587,alzahra-university,grid.411354.6
http://www.wikidata.org/entity/Q476521,king-mongkuts-university-technology-thonburi,grid.412151.2
http://www.wikidata.org/entity/Q498407,university-latvia,grid.9845.0
http://www.wikidata.org/entity/Q503419,university-arizona,grid.134563.6
http://www.wikidata.org/entity/Q574606,universite-libre-de-bruxelles,grid.4989.c
http://www.wikidata.org/entity/Q587326,tokyo-institute-technology,grid.32197.3e
http://www.wikidata.org/entity/Q595668,tilburg-university,grid.12295.3d
http://www.wikidata.org/entity/Q598841,monash-university,grid.1002.3
http://www.wikidata.org/entity/Q603034,drexel-university,grid.166341.7
http://www.wikidata.org/entity/Q621043,emory-university,grid.189967.8
http://www.wikidata.org/entity/Q625158,kaunas-university-technology,grid.6901.e
http://www.wikidata.org/entity/Q632004,radboud-university-nijmegen,grid.5590.9
http://www.wikidata.org/entity/Q640694,university-alberta,grid.17089.37
http://www.wikidata.org/entity/Q670897,arizona-state-university,grid.215654.1
http://www.wikidata.org/entity/Q697289,national-university-tainan,grid.412120.4
http://www.wikidata.org/entity/Q706177,china-medical-university-taiwan,grid.254145.3
http://www.wikidata.org/entity/Q718328,national-yang-ming-university,grid.260770.4
http://www.wikidata.org/entity/Q721064,nanyang-technological-university-singapore,grid.59025.3b
http://www.wikidata.org/entity/Q739627,pennsylvania-state-university,grid.29857.31
http://www.wikidata.org/entity/Q752663,delft-university-technology,grid.5292.c
http://www.wikidata.org/entity/Q787360,city-university-hong-kong,grid.35030.35
http://www.wikidata.org/entity/Q834857,chongqing-university,grid.190737.b
http://www.wikidata.org/entity/Q836805,chalmers-university-technology,grid.5371.0
http://www.wikidata.org/entity/Q846725,university-beira-interior,grid.7427.6
http://www.wikidata.org/entity/Q861548,florida-state-university,grid.255986.5
http://www.wikidata.org/entity/Q896267,bogazici-university,grid.11220.30
http://www.wikidata.org/entity/Q945876,grenoble-alpes-university,grid.411819.4
http://www.wikidata.org/entity/Q952960,national-polytechnic-university-ipn,grid.26194.38
http://www.wikidata.org/entity/Q985755,huaqiao-university,grid.411404.4
http://www.wikidata.org/entity/Q1057199,hokkaido-university,grid.39158.36
http://www.wikidata.org/entity/Q1079140,indiana-university,grid.411377.7
http://www.wikidata.org/entity/Q1111640,colorado-state-university,grid.47894.36
http://www.wikidata.org/entity/Q1136919,iowa-state-university,grid.34421.30
http://www.wikidata.org/entity/Q1144549,pierre-and-marie-curie-university,grid.5805.8
http://www.wikidata.org/entity/Q1145992,universitas-gadjah-mada,grid.8570.a
http://www.wikidata.org/entity/Q1149393,kansai-university,grid.412013.5
http://www.wikidata.org/entity/Q1180978,deakin-university,grid.1021.2
http://www.wikidata.org/entity/Q1191132,nagoya-university,grid.27476.30
http://www.wikidata.org/entity/Q1218488,university-almeria,grid.28020.38
http://www.wikidata.org/entity/Q1235608,paris-diderot-university-paris-7,grid.7452.4
http://www.wikidata.org/entity/Q1269766,technical-university-denmark,grid.5170.3
http://www.wikidata.org/entity/Q1277357,edinburgh-napier-university,grid.20409.3f
http://www.wikidata.org/entity/Q1411222,george-mason-university,grid.22448.38
http://www.wikidata.org/entity/Q1420500,swansea-university,grid.4827.9
http://www.wikidata.org/entity/Q1424081,marmara-university,grid.16477.33
http://www.wikidata.org/entity/Q1523902,alexandru-ioan-cuza-university,grid.8168.7
http://www.wikidata.org/entity/Q1579397,bandung-institute-technology-itb,grid.434933.a
http://www.wikidata.org/entity/Q1639978,soochow-university,grid.263761.7
http://www.wikidata.org/entity/Q1711196,huazhong-university-science-and-technology,grid.33199.31
http://www.wikidata.org/entity/Q1752043,king-saud-university,grid.56302.32
http://www.wikidata.org/entity/Q1795928,king-abdulaziz-university,grid.412125.1
http://www.wikidata.org/entity/Q1804773,nanjing-agricultural-university,grid.27871.3b
http://www.wikidata.org/entity/Q2281517,sichuan-university,grid.13291.38
http://www.wikidata.org/entity/Q2281564,hashemite-university,grid.33801.39
http://www.wikidata.org/entity/Q2392351,leeds-beckett-university,grid.10346.30
http://www.wikidata.org/entity/Q2496006,university-cergy-pontoise,grid.7901.f
http://www.wikidata.org/entity/Q2601879,maynooth-university,grid.95004.38
http://www.wikidata.org/entity/Q2655352,east-china-university-science-and-technology,grid.28056.39
http://www.wikidata.org/entity/Q3551326,university-la-frontera,grid.412163.3
http://www.wikidata.org/entity/Q3551621,university-lille,
http://www.wikidata.org/entity/Q4587760,beijing-jiaotong-university,grid.181531.f
http://www.wikidata.org/entity/Q4746780,amirkabir-university-technology,grid.411368.9
http://www.wikidata.org/entity/Q4842499,bahauddin-zakariya-university,grid.411501.0
http://www.wikidata.org/entity/Q5440482,federal-university-sao-carlos,grid.411247.5
http://www.wikidata.org/entity/Q6741204,federal-university-ouro-preto,grid.411213.4
http://www.wikidata.org/entity/Q6864633,ming-chuan-university,grid.411804.8
http://www.wikidata.org/entity/Q6978829,national-taiwan-ocean-university,grid.260664.0
http://www.wikidata.org/entity/Q40006,hanyang-university,grid.49606.3d
http://www.wikidata.org/entity/Q51985,technical-university-berlin,grid.6734.6
http://www.wikidata.org/entity/Q65379,virginia-polytechnic-institute-and-state-university,grid.438526.e
http://www.wikidata.org/entity/Q76473,university-southampton,grid.5491.9
http://www.wikidata.org/entity/Q152838,university-gottingen,grid.7450.6
http://www.wikidata.org/entity/Q157575,university-strasbourg,grid.11843.3f
http://www.wikidata.org/entity/Q160302,university-edinburgh,grid.4305.2
http://www.wikidata.org/entity/Q162684,charite-universitatsmedizin-berlin,grid.6363.0
http://www.wikidata.org/entity/Q164028,university-guadalajara,grid.412890.6
http://www.wikidata.org/entity/Q165980,university-vienna,grid.10420.37
http://www.wikidata.org/entity/Q169939,akdeniz-university,grid.29906.34
http://www.wikidata.org/entity/Q174570,london-school-economics-and-political-science,grid.13063.37
http://www.wikidata.org/entity/Q189022,imperial-college-london,grid.7445.2
http://www.wikidata.org/entity/Q192775,university-glasgow,grid.8756.c
http://www.wikidata.org/entity/Q196544,aligarh-muslim-university,grid.411340.3
http://www.wikidata.org/entity/Q196559,university-iceland,grid.14013.37
http://www.wikidata.org/entity/Q197543,zhejiang-university,grid.13402.34
http://www.wikidata.org/entity/Q218506,lund-university,grid.4514.4
http://www.wikidata.org/entity/Q220144,soas-university-london,grid.22631.34
http://www.wikidata.org/entity/Q230899,university-manchester,grid.5379.8
http://www.wikidata.org/entity/Q262760,ecole-polytechnique-federale-de-lausanne,grid.5333.6
http://www.wikidata.org/entity/Q268411,royal-veterinary-college,grid.20931.39
http://www.wikidata.org/entity/Q273523,ecole-des-ponts-paristech,grid.424447.5
http://www.wikidata.org/entity/Q274486,waseda-university,grid.5290.e
http://www.wikidata.org/entity/Q280247,fluminense-federal-university,grid.411173.1
http://www.wikidata.org/entity/Q314536,norwegian-university-science-and-technology,grid.5947.f
http://www.wikidata.org/entity/Q319078,university-melbourne,grid.1008.9
http://www.wikidata.org/entity/Q344405,izmir-institute-technology,grid.419609.3
http://www.wikidata.org/entity/Q368643,university-coimbra,grid.8051.c
http://www.wikidata.org/entity/Q391028,university-british-columbia,grid.17091.3e
http://www.wikidata.org/entity/Q392189,university-montreal,grid.14848.31
http://www.wikidata.org/entity/Q392667,wake-forest-university,grid.241167.7
http://www.wikidata.org/entity/Q392897,polytechnic-university-turin,grid.4800.c
http://www.wikidata.org/entity/Q458393,durham-university,grid.8250.f
http://www.wikidata.org/entity/Q475700,university-western-cape,grid.8974.2
http://www.wikidata.org/entity/Q483758,anadolu-university,grid.41206.31
http://www.wikidata.org/entity/Q488334,university-seoul,grid.267134.5
http://www.wikidata.org/entity/Q491711,sejong-university,grid.263333.4
http://www.wikidata.org/entity/Q491717,university-ulsan,grid.267370.7
http://www.wikidata.org/entity/Q492467,university-auckland,grid.9654.e
http://www.wikidata.org/entity/Q496536,kyung-hee-university,grid.289247.2
http://www.wikidata.org/entity/Q519427,university-denver,grid.266239.a
http://www.wikidata.org/entity/Q567899,panjab-university,grid.261674.0
http://www.wikidata.org/entity/Q579968,university-missouri,grid.134936.a
http://www.wikidata.org/entity/Q606140,university-waikato,grid.49481.30
http://www.wikidata.org/entity/Q622137,lehigh-university,grid.259029.5
http://www.wikidata.org/entity/Q627969,university-ottawa,grid.28046.38
http://www.wikidata.org/entity/Q657222,stevens-institute-technology,grid.217309.e
http://www.wikidata.org/entity/Q702482,university-bayreuth,grid.7384.8
http://www.wikidata.org/entity/Q738236,national-university-singapore,grid.4280.e
http://www.wikidata.org/entity/Q741082,macquarie-university,grid.1004.5
http://www.wikidata.org/entity/Q842909,rice-university,grid.21940.3e
http://www.wikidata.org/entity/Q859363,sciences-po,grid.451239.8
http://www.wikidata.org/entity/Q864855,georgia-institute-technology,grid.213917.f
http://www.wikidata.org/entity/Q865528,university-warwick,grid.7372.1
http://www.wikidata.org/entity/Q924265,aarhus-university,grid.7048.b
http://www.wikidata.org/entity/Q951305,university-cape-town,grid.7836.a
http://www.wikidata.org/entity/Q963530,university-stirling,grid.11918.30
http://www.wikidata.org/entity/Q1035745,cardiff-university,grid.5600.3
http://www.wikidata.org/entity/Q1062129,tohoku-university,grid.69566.3a
http://www.wikidata.org/entity/Q1071738,chiba-institute-technology,grid.254124.4
http://www.wikidata.org/entity/Q1108197,wuhan-university,grid.49470.3e
http://www.wikidata.org/entity/Q1142924,university-malaya,grid.10347.31
http://www.wikidata.org/entity/Q1143396,osaka-city-university,grid.261445.0
http://www.wikidata.org/entity/Q1145306,university-calcutta,grid.59056.3f
http://www.wikidata.org/entity/Q1150105,university-tennessee-knoxville,grid.411461.7
http://www.wikidata.org/entity/Q1150231,tokushima-university,grid.267335.6
http://www.wikidata.org/entity/Q1169487,university-ibadan,grid.9582.6
http://www.wikidata.org/entity/Q1192597,kobe-university,grid.31432.37
http://www.wikidata.org/entity/Q1201513,university-otago,grid.29980.3a
http://www.wikidata.org/entity/Q1245999,university-siena,grid.9024.f
http://www.wikidata.org/entity/Q1345942,university-east-london,grid.60969.30
http://www.wikidata.org/entity/Q1370721,university-mysore,grid.413039.c
http://www.wikidata.org/entity/Q1420038,queens-university,grid.410356.5
http://www.wikidata.org/entity/Q1422458,university-bath,grid.7340.0
http://www.wikidata.org/entity/Q1458113,university-victoria,grid.143640.4
http://www.wikidata.org/entity/Q1474100,old-dominion-university,grid.261368.8
http://www.wikidata.org/entity/Q1610024,heriot-watt-university,grid.9531.e
http://www.wikidata.org/entity/Q1623314,hofstra-university,grid.257060.6
http://www.wikidata.org/entity/Q1640648,university-canberra,grid.1039.b
http://www.wikidata.org/entity/Q1758474,university-parma,grid.10383.39
http://www.wikidata.org/entity/Q1817137,sao-paulo-state-university-unesp,grid.410543.7
http://www.wikidata.org/entity/Q1979891,nova-university-lisbon,grid.10772.33
http://www.wikidata.org/entity/Q2002520,university-west-england,grid.6518.a
http://www.wikidata.org/entity/Q2297486,university-rome-iii,grid.8509.4
http://www.wikidata.org/entity/Q2299797,beihang-university,grid.64939.31
http://www.wikidata.org/entity/Q2302336,university-montana,grid.253613.0
http://www.wikidata.org/entity/Q2531629,verona-university,grid.5611.3
http://www.wikidata.org/entity/Q2687517,jinan-university,grid.258164.c
http://www.wikidata.org/entity/Q2738646,university-lincoln,grid.36511.30
http://www.wikidata.org/entity/Q2744209,university-portsmouth,grid.4701.2
http://www.wikidata.org/entity/Q3521052,andhra-university,grid.411381.e
http://www.wikidata.org/entity/Q3530803,cochin-university-science-and-technology,grid.411771.5
http://www.wikidata.org/entity/Q3551363,university-tlemcen,grid.12319.38
http://www.wikidata.org/entity/Q3551506,vita-salute-san-raffaele-university,grid.15496.3f
http://www.wikidata.org/entity/Q4746980,amity-university,grid.444644.2
http://www.wikidata.org/entity/Q7120651,psg-college-technology,
http://www.wikidata.org/entity/Q7708635,tezpur-university,grid.45982.32
http://www.wikidata.org/entity/Q7894438,universiti-tunku-abdul-rahman-utar,grid.412261.2
http://www.wikidata.org/entity/Q7895024,university-agriculture-faisalabad,grid.413016.1
http://www.wikidata.org/entity/Q15576,university-south-australia,grid.1026.5
http://www.wikidata.org/entity/Q25864,technical-university-madrid,grid.5690.a
http://www.wikidata.org/entity/Q31392,comenius-university-bratislava,grid.7634.6
http://www.wikidata.org/entity/Q56148,yeungnam-university,grid.413028.c
http://www.wikidata.org/entity/Q114892,nagasaki-university,grid.174567.6
http://www.wikidata.org/entity/Q139901,northern-arizona-university,grid.261120.6
http://www.wikidata.org/entity/Q165528,university-greifswald,grid.5603.0
http://www.wikidata.org/entity/Q259388,university-nantes,grid.4817.a
http://www.wikidata.org/entity/Q267111,niigata-university,grid.260975.f
http://www.wikidata.org/entity/Q308963,university-salamanca,grid.11762.33
http://www.wikidata.org/entity/Q348402,adam-mickiewicz-university,grid.5633.3
http://www.wikidata.org/entity/Q369839,university-szeged,grid.9008.1
http://www.wikidata.org/entity/Q414245,agh-university-science-and-technology,grid.9922.0
http://www.wikidata.org/entity/Q470963,fuzhou-university,grid.411604.6
http://www.wikidata.org/entity/Q484900,gwangju-institute-science-and-technology,grid.61221.36
http://www.wikidata.org/entity/Q488851,inha-university,grid.202119.9
http://www.wikidata.org/entity/Q489488,chungnam-national-university,grid.254230.2
http://www.wikidata.org/entity/Q491082,ajou-university,grid.251916.8
http://www.wikidata.org/entity/Q492318,university-alabama,grid.411015.0
http://www.wikidata.org/entity/Q502545,ferdowsi-university-mashhad,grid.411301.6
http://www.wikidata.org/entity/Q538452,babes-bolyai-university,grid.7399.4
http://www.wikidata.org/entity/Q539881,university-la-laguna,grid.10041.34
http://www.wikidata.org/entity/Q541548,university-neuchatel,grid.10711.36
http://www.wikidata.org/entity/Q546118,paris-sorbonne-university-paris-4,grid.46900.3b
http://www.wikidata.org/entity/Q573954,university-limerick,grid.10049.3c
http://www.wikidata.org/entity/Q578326,university-jyvaskyla,grid.9681.6
http://www.wikidata.org/entity/Q591115,university-haifa,grid.18098.38
http://www.wikidata.org/entity/Q603686,hong-kong-baptist-university,grid.221309.b
http://www.wikidata.org/entity/Q604444,university-pretoria,grid.49697.35
http://www.wikidata.org/entity/Q617433,syracuse-university,grid.264484.8
http://www.wikidata.org/entity/Q622683,university-graz,grid.5110.5
http://www.wikidata.org/entity/Q623851,chonbuk-national-university,grid.411545.0
http://www.wikidata.org/entity/Q633561,university-zaragoza,grid.11205.37
http://www.wikidata.org/entity/Q649906,xidian-university,grid.440736.2
http://www.wikidata.org/entity/Q666916,university-vigo,grid.6312.6
http://www.wikidata.org/entity/Q677993,university-south-africa,grid.412801.e
http://www.wikidata.org/entity/Q684783,kanazawa-university,grid.9707.9
http://www.wikidata.org/entity/Q685557,technical-university-dortmund,grid.5675.1
http://www.wikidata.org/entity/Q690912,university-hohenheim,grid.9464.f
http://www.wikidata.org/entity/Q699543,national-taiwan-university-science-and-technology-taiwan-tech,grid.45907.3f
http://www.wikidata.org/entity/Q701818,taipei-medical-university,grid.412896.0
http://www.wikidata.org/entity/Q703620,copenhagen-business-school,grid.4655.2
http://www.wikidata.org/entity/Q735049,university-maryland-baltimore-county,grid.266673.0
http://www.wikidata.org/entity/Q756126,middle-east-technical-university,grid.6935.9
http://www.wikidata.org/entity/Q847117,meijo-university,grid.259879.8
http://www.wikidata.org/entity/Q858662,indian-institute-technology-madras,grid.417969.4
http://www.wikidata.org/entity/Q941806,university-castilla-la-mancha,grid.8048.4
http://www.wikidata.org/entity/Q1041737,carleton-university,grid.34428.39
http://www.wikidata.org/entity/Q1048626,lincoln-university,grid.16488.33
http://www.wikidata.org/entity/Q1060621,ankara-university,grid.7256.6
http://www.wikidata.org/entity/Q1074084,china-university-mining-and-technology,grid.411510.0
http://www.wikidata.org/entity/Q1074117,renmin-university-china,grid.24539.39
http://www.wikidata.org/entity/Q1111367,colorado-school-mines,grid.254549.b
http://www.wikidata.org/entity/Q1148210,tottori-university,grid.265107.7
http://www.wikidata.org/entity/Q1148782,kumamoto-university,grid.274841.c
http://www.wikidata.org/entity/Q1150245,kyushu-institute-technology-kyutech,grid.258806.1
http://www.wikidata.org/entity/Q1150419,national-university-colombia,grid.10689.36
http://www.wikidata.org/entity/Q1186843,budapest-university-technology-and-economics,grid.6759.d
http://www.wikidata.org/entity/Q1193547,tulane-university,grid.265219.b
http://www.wikidata.org/entity/Q1194650,indian-institute-technology-delhi,grid.417967.a
http://www.wikidata.org/entity/Q1196888,yamagata-university,grid.268394.2
http://www.wikidata.org/entity/Q1209029,shinshu-university,grid.263518.b
http://www.wikidata.org/entity/Q1235258,dokuz-eylul-university,grid.21200.31
http://www.wikidata.org/entity/Q1236345,university-murcia,grid.10586.3a
http://www.wikidata.org/entity/Q1243705,university-modena-and-reggio-emilia,grid.7548.e
http://www.wikidata.org/entity/Q1301275,tokyo-university-agriculture-and-technology,grid.136594.c
http://www.wikidata.org/entity/Q1330634,university-brasilia,grid.7632.0
http://www.wikidata.org/entity/Q1424632,alexandria-university,grid.7155.6
http://www.wikidata.org/entity/Q1434547,loughborough-university,grid.6571.5
http://www.wikidata.org/entity/Q1458579,universiti-putra-malaysia,grid.11142.37
http://www.wikidata.org/entity/Q1477812,nanjing-normal-university,grid.260474.3
http://www.wikidata.org/entity/Q1510516,university-science-and-technology-beijing,grid.69775.3a
http://www.wikidata.org/entity/Q1516684,university-kent,grid.9759.2
http://www.wikidata.org/entity/Q1519696,prince-songkla-university,grid.7130.5
http://www.wikidata.org/entity/Q1544881,university-tampere,grid.5509.9
http://www.wikidata.org/entity/Q1563050,university-macau,grid.437123.0
http://www.wikidata.org/entity/Q1574185,university-college-cork,grid.7872.a
http://www.wikidata.org/entity/Q1574578,qatar-university,grid.412603.2
http://www.wikidata.org/entity/Q1637611,palacky-university-olomouc,grid.10979.36
http://www.wikidata.org/entity/Q1661243,indian-institute-technology-kharagpur,grid.429017.9
http://www.wikidata.org/entity/Q1725075,norwegian-university-life-sciences,grid.19477.3c
http://www.wikidata.org/entity/Q1737734,keele-university,grid.9757.c
http://www.wikidata.org/entity/Q1771717,portland-state-university,grid.262075.4
http://www.wikidata.org/entity/Q1851075,federal-university-santa-catarina,grid.411237.2
http://www.wikidata.org/entity/Q1861687,montana-state-university,grid.41891.35
http://www.wikidata.org/entity/Q1939211,mississippi-state-university,grid.260120.7
http://www.wikidata.org/entity/Q2067315,university-cagliari,grid.7763.5
http://www.wikidata.org/entity/Q2303432,university-oviedo,grid.10863.3c
http://www.wikidata.org/entity/Q2322256,federal-university-pernambuco,grid.411227.3
http://www.wikidata.org/entity/Q2723670,ain-shams-university,grid.7269.a
http://www.wikidata.org/entity/Q3104287,university-regina,grid.57926.3f
http://www.wikidata.org/entity/Q3133193,university-rovira-i-virgili,grid.410367.7
http://www.wikidata.org/entity/Q3180921,tokyo-medical-and-dental-university-tmdu,grid.265073.5
http://www.wikidata.org/entity/Q3244340,juntendo-university,grid.258269.2
http://www.wikidata.org/entity/Q4380853,missouri-university-science-and-technology,grid.260128.f
http://www.wikidata.org/entity/Q4384447,federal-university-sao-paulo-unifesp,grid.411249.b
http://www.wikidata.org/entity/Q6079807,isfahan-university-technology,grid.411751.7
http://www.wikidata.org/entity/Q6191740,jiangsu-university,grid.440785.a
http://www.wikidata.org/entity/Q7895888,university-nebraska-medical-center,grid.266813.8
http://www.wikidata.org/entity/Q15899144,china-university-petroleum-beijing,grid.411519.9
http://www.wikidata.org/entity/Q1377,university-ljubljana,grid.8954.0
http://www.wikidata.org/entity/Q15575,flinders-university,grid.1014.4
http://www.wikidata.org/entity/Q29671,university-aveiro,grid.7311.4
http://www.wikidata.org/entity/Q36188,university-fribourg,grid.8534.a
http://www.wikidata.org/entity/Q39988,yonsei-university-seoul-campus,grid.15444.30
http://www.wikidata.org/entity/Q41114,ewha-womans-university,grid.255649.9
http://www.wikidata.org/entity/Q41765,konkuk-university,grid.258676.8
http://www.wikidata.org/entity/Q41790,chung-ang-university,grid.254224.7
http://www.wikidata.org/entity/Q52413,university-kansas,grid.266515.3
http://www.wikidata.org/entity/Q53122,pusan-national-university,grid.262229.f
http://www.wikidata.org/entity/Q132140,federal-university-minas-gerais,grid.8430.f
http://www.wikidata.org/entity/Q153012,university-potsdam,grid.11348.3f
http://www.wikidata.org/entity/Q183170,university-texas-san-antonio,grid.215352.2
http://www.wikidata.org/entity/Q204181,university-tartu,grid.10939.32
http://www.wikidata.org/entity/Q219317,university-pavia,grid.8982.b
http://www.wikidata.org/entity/Q257655,china-agricultural-university,grid.22935.3f
http://www.wikidata.org/entity/Q310695,technical-university-darmstadt,grid.6546.1
http://www.wikidata.org/entity/Q349055,wayne-state-university,grid.254444.7
http://www.wikidata.org/entity/Q383568,university-valencia,grid.5338.d
http://www.wikidata.org/entity/Q390287,eotvos-lorand-university,grid.5591.8
http://www.wikidata.org/entity/Q432475,university-canterbury,grid.21006.35
http://www.wikidata.org/entity/Q484108,ulsan-national-institute-science-and-technology,grid.42687.3f
http://www.wikidata.org/entity/Q487841,kyungpook-national-university,grid.258803.4
http://www.wikidata.org/entity/Q494681,chonnam-national-university,grid.14005.30
http://www.wikidata.org/entity/Q499911,university-turin,grid.7605.4
http://www.wikidata.org/entity/Q500606,university-south-florida,grid.170693.a
http://www.wikidata.org/entity/Q500692,university-bremen,grid.7704.4
http://www.wikidata.org/entity/Q540672,auburn-university,grid.252546.2
http://www.wikidata.org/entity/Q546976,university-surrey,grid.5475.3
http://www.wikidata.org/entity/Q612665,vrije-universiteit-brussel,grid.8767.e
http://www.wikidata.org/entity/Q626804,mahidol-university,grid.10223.32
http://www.wikidata.org/entity/Q640652,university-oklahoma,grid.266900.b
http://www.wikidata.org/entity/Q696757,university-duisburg-essen,grid.5718.b
http://www.wikidata.org/entity/Q700801,kaohsiung-medical-university,grid.412019.f
http://www.wikidata.org/entity/Q714891,national-central-university,grid.37589.30
http://www.wikidata.org/entity/Q727516,university-kwazulu-natal,grid.16463.36
http://www.wikidata.org/entity/Q743615,university-tsukuba,grid.20515.33
http://www.wikidata.org/entity/Q749718,oklahoma-state-university,grid.65519.3e
http://www.wikidata.org/entity/Q750639,rush-university,grid.262743.6
http://www.wikidata.org/entity/Q766447,federal-university-rio-grande-do-sul,grid.8532.c
http://www.wikidata.org/entity/Q772421,st-georges-university-london,grid.264200.2
http://www.wikidata.org/entity/Q812573,baylor-university,grid.252890.4
http://www.wikidata.org/entity/Q820887,university-florence,grid.8404.8
http://www.wikidata.org/entity/Q832355,wuhan-university-technology,grid.162110.5
http://www.wikidata.org/entity/Q832550,northwestern-polytechnical-university,grid.440588.5
http://www.wikidata.org/entity/Q855730,chulalongkorn-university,grid.7922.e
http://www.wikidata.org/entity/Q872543,medical-university-graz,grid.11598.34
http://www.wikidata.org/entity/Q955609,university-ferrara,grid.8484.0
http://www.wikidata.org/entity/Q955764,university-illinois-chicago,grid.185648.6
http://www.wikidata.org/entity/Q962011,university-tasmania,grid.1009.8
http://www.wikidata.org/entity/Q967165,university-york,grid.5685.e
http://www.wikidata.org/entity/Q985808,northwest-af-university,grid.144022.1
http://www.wikidata.org/entity/Q1057890,rmit-university,grid.1017.7
http://www.wikidata.org/entity/Q1065809,florida-international-university,grid.65456.34
http://www.wikidata.org/entity/Q1069994,tokyo-university-science,grid.143643.7
http://www.wikidata.org/entity/Q1070333,university-arkansas,grid.411017.2
http://www.wikidata.org/entity/Q1074112,ehime-university,grid.255464.4
http://www.wikidata.org/entity/Q1075104,university-essex,grid.8356.8
http://www.wikidata.org/entity/Q1084409,marche-polytechnic-university,grid.7010.6
http://www.wikidata.org/entity/Q1134606,massey-university,grid.148374.d
http://www.wikidata.org/entity/Q1141452,western-sydney-university,grid.1029.a
http://www.wikidata.org/entity/Q1145731,university-technology-sydney,grid.117476.2
http://www.wikidata.org/entity/Q1150437,victoria-university-wellington,grid.267827.e
http://www.wikidata.org/entity/Q1153539,xiamen-university,grid.12955.3a
http://www.wikidata.org/entity/Q1191833,university-manitoba,grid.21613.37
http://www.wikidata.org/entity/Q1230739,university-texas-arlington,grid.267315.4
http://www.wikidata.org/entity/Q1232428,university-basque-country,grid.11480.3c
http://www.wikidata.org/entity/Q1232831,federal-university-parana-ufpr,grid.20736.30
http://www.wikidata.org/entity/Q1236136,university-bari-aldo-moro,grid.7644.1
http://www.wikidata.org/entity/Q1285262,university-alaska-fairbanks,grid.70738.3b
http://www.wikidata.org/entity/Q1322412,saitama-university,grid.263023.6
http://www.wikidata.org/entity/Q1343386,shanghai-university,grid.39436.3b
http://www.wikidata.org/entity/Q1353248,new-mexico-state-university,grid.24805.3b
http://www.wikidata.org/entity/Q1363559,northeastern-university-0,grid.412252.2
http://www.wikidata.org/entity/Q1367256,moscow-institute-physics-and-technology,grid.18763.3b
http://www.wikidata.org/entity/Q1423756,texas-tech-university,grid.264784.b
http://www.wikidata.org/entity/Q1472358,university-houston,grid.266436.3
http://www.wikidata.org/entity/Q1473615,kent-state-university,grid.258518.3
http://www.wikidata.org/entity/Q1547084,university-twente,grid.6214.1
http://www.wikidata.org/entity/Q1567050,hacettepe-university,grid.14442.37
http://www.wikidata.org/entity/Q1570489,national-university-cordoba,grid.10692.3c
http://www.wikidata.org/entity/Q1637997,novosibirsk-state-university,grid.4605.7
http://www.wikidata.org/entity/Q1641504,university-palermo,grid.10776.37
http://www.wikidata.org/entity/Q1781394,university-texas-dallas,grid.267323.1
http://www.wikidata.org/entity/Q1972050,university-johannesburg,grid.412988.e
http://www.wikidata.org/entity/Q1973130,universiti-sains-malaysia,grid.11875.3a
http://www.wikidata.org/entity/Q2000129,university-hawaii-manoa,grid.410445.0
http://www.wikidata.org/entity/Q2003976,polytechnic-university-valencia,grid.157927.f
http://www.wikidata.org/entity/Q2060678,state-university-campinas,grid.411087.b
http://www.wikidata.org/entity/Q3272013,new-jersey-institute-technology,grid.260896.3
http://www.wikidata.org/entity/Q3429270,huazhong-agricultural-university,grid.35155.37
http://www.wikidata.org/entity/Q4116241,king-fahd-university-petroleum-and-minerals,grid.412135.0
http://www.wikidata.org/entity/Q4173330,university-lorraine,grid.29172.3f
http://www.wikidata.org/entity/Q4389652,kitasato-university,grid.410786.c
http://www.wikidata.org/entity/Q4393424,northeast-normal-university,grid.27446.33
http://www.wikidata.org/entity/Q4810943,erciyes-university,grid.411739.9
http://www.wikidata.org/entity/Q5814528,federal-university-vicosa,grid.12799.34
http://www.wikidata.org/entity/Q6963668,nanjing-medical-university,grid.89957.3a
http://www.wikidata.org/entity/Q7694901,tehran-university-medical-sciences,grid.411705.6
http://www.wikidata.org/entity/Q10906760,nanjing-tech-university,grid.412022.7
http://www.wikidata.org/entity/Q49108,massachusetts-institute-technology,grid.116068.8
http://www.wikidata.org/entity/Q50662,goethe-university-frankfurt,grid.7839.5
http://www.wikidata.org/entity/Q56837,national-research-nuclear-university-mephi,grid.183446.c
http://www.wikidata.org/entity/Q85449,national-technical-university-ukraine-kyiv-polytechnic-institute,grid.440544.5
http://www.wikidata.org/entity/Q94810,universiti-tenaga-nasional-uniten,grid.484611.e
http://www.wikidata.org/entity/Q113788,kazan-federal-university,grid.77268.3c
http://www.wikidata.org/entity/Q131252,university-chicago,grid.170205.1
http://www.wikidata.org/entity/Q132478,oxford-brookes-university,grid.7628.b
http://www.wikidata.org/entity/Q153006,free-university-berlin,grid.14095.39
http://www.wikidata.org/entity/Q161562,california-institute-technology,grid.20861.3d
http://www.wikidata.org/entity/Q168000,american-university,grid.63124.32
http://www.wikidata.org/entity/Q200601,pontifical-catholic-university-peru,grid.440592.e
http://www.wikidata.org/entity/Q273604,ecole-normale-superieure-de-cachan,grid.6390.c
http://www.wikidata.org/entity/Q289348,london-south-bank-university,grid.4756.0
http://www.wikidata.org/entity/Q315658,university-wroclaw,grid.8505.8
http://www.wikidata.org/entity/Q319761,aberystwyth-university,grid.8186.7
http://www.wikidata.org/entity/Q335924,kagoshima-university,grid.258333.c
http://www.wikidata.org/entity/Q344334,istanbul-technical-university,grid.10516.33
http://www.wikidata.org/entity/Q374457,sogang-university,grid.263736.5
http://www.wikidata.org/entity/Q375606,birkbeck-university-london,grid.88379.3d
http://www.wikidata.org/entity/Q411895,riga-technical-university,grid.6973.b
http://www.wikidata.org/entity/Q469476,american-university-cairo,grid.252119.c
http://www.wikidata.org/entity/Q469482,american-university-beirut,grid.22903.3a
http://www.wikidata.org/entity/Q482724,hallym-university,grid.256753.0
http://www.wikidata.org/entity/Q492766,lobachevsky-state-university-nizhni-novgorod,grid.28171.3d
http://www.wikidata.org/entity/Q586904,federal-university-rio-de-janeiro,grid.8536.8
http://www.wikidata.org/entity/Q604487,tallinn-university-technology,grid.6988.f
http://www.wikidata.org/entity/Q689775,graz-university-technology,grid.410413.3
http://www.wikidata.org/entity/Q702303,far-eastern-federal-university,grid.440624.0
http://www.wikidata.org/entity/Q706712,national-taiwan-normal-university,grid.412090.e
http://www.wikidata.org/entity/Q742494,tomsk-state-university,grid.77602.34
http://www.wikidata.org/entity/Q750066,aston-university,grid.7273.1
http://www.wikidata.org/entity/Q758659,auckland-university-technology,grid.252547.3
http://www.wikidata.org/entity/Q782682,indian-institute-technology-kanpur,grid.417965.8
http://www.wikidata.org/entity/Q839669,rudn-university,grid.77642.30
http://www.wikidata.org/entity/Q861904,bilkent-university,grid.18376.3b
http://www.wikidata.org/entity/Q875637,william-mary,grid.264889.9
http://www.wikidata.org/entity/Q892188,bond-university,grid.1033.1
http://www.wikidata.org/entity/Q914024,yokohama-city-university,grid.268441.d
http://www.wikidata.org/entity/Q926068,university-navarra,grid.5924.a
http://www.wikidata.org/entity/Q936476,central-university-venezuela,grid.8171.f
http://www.wikidata.org/entity/Q954035,university-bradford,grid.6268.a
http://www.wikidata.org/entity/Q999763,pantheon-sorbonne-university-paris-1,grid.10988.38
http://www.wikidata.org/entity/Q1031803,university-rome-ii-tor-vergata,grid.6530.0
http://www.wikidata.org/entity/Q1064071,charles-darwin-university,grid.1043.6
http://www.wikidata.org/entity/Q1071609,chiang-mai-university,grid.7132.7
http://www.wikidata.org/entity/Q1073666,yamaguchi-university,grid.268397.1
http://www.wikidata.org/entity/Q1073674,university-milan-bicocca,grid.7563.7
http://www.wikidata.org/entity/Q1122171,brno-university-technology,grid.4994.0
http://www.wikidata.org/entity/Q1138080,coventry-university,grid.8096.7
http://www.wikidata.org/entity/Q1148334,tokyo-metropolitan-university,grid.265074.2
http://www.wikidata.org/entity/Q1153094,sophia-university,grid.412681.8
http://www.wikidata.org/entity/Q1163431,paris-sciences-et-lettres-psl-research-university-paris,grid.440907.e
http://www.wikidata.org/entity/Q1187444,university-pecs,grid.9679.1
http://www.wikidata.org/entity/Q1247135,carlos-iii-university-madrid,grid.7840.b
http://www.wikidata.org/entity/Q1247544,university-westminster,grid.12896.34
http://www.wikidata.org/entity/Q1284408,pontifical-catholic-university-valparaiso,grid.8170.e
http://www.wikidata.org/entity/Q1284960,edith-cowan-university,grid.1038.a
http://www.wikidata.org/entity/Q1305486,university-costa-rica,grid.412889.e
http://www.wikidata.org/entity/Q1342013,itmo-university,grid.35915.3b
http://www.wikidata.org/entity/Q1375986,gifu-university,grid.256342.4
http://www.wikidata.org/entity/Q1458695,vn-karazin-kharkiv-national-university,grid.18999.30
http://www.wikidata.org/entity/Q1462246,university-patras,grid.11047.33
http://www.wikidata.org/entity/Q1466666,tomsk-polytechnic-university,grid.27736.37
http://www.wikidata.org/entity/Q1472245,bauman-moscow-state-technical-university,grid.61569.3d
http://www.wikidata.org/entity/Q1474019,university-hull,grid.9481.4
http://www.wikidata.org/entity/Q1633859,national-institute-applied-sciences-lyon-insa-lyon,grid.15399.37
http://www.wikidata.org/entity/Q1711558,plymouth-university,grid.11201.33
http://www.wikidata.org/entity/Q1718656,warsaw-university-technology,grid.1035.7
http://www.wikidata.org/entity/Q1723289,universiti-utara-malaysia,grid.462999.9
http://www.wikidata.org/entity/Q1778355,slovak-university-technology-bratislava,grid.440789.6
http://www.wikidata.org/entity/Q1781263,university-brescia,grid.7637.5
http://www.wikidata.org/entity/Q1808326,sultan-qaboos-university,grid.412846.d
http://www.wikidata.org/entity/Q1809949,lappeenranta-university-technology,grid.12332.31
http://www.wikidata.org/entity/Q1817355,lviv-polytechnic-national-university,grid.10067.30
http://www.wikidata.org/entity/Q1848657,university-tulsa,grid.267360.6
http://www.wikidata.org/entity/Q1857293,pontifical-catholic-university-rio-de-janeiro-puc-rio,grid.4839.6
http://www.wikidata.org/entity/Q1896148,university-greenwich,grid.36316.31
http://www.wikidata.org/entity/Q2065921,southern-federal-university,grid.182798.d
http://www.wikidata.org/entity/Q2096395,universiti-teknologi-petronas,grid.444487.f
http://www.wikidata.org/entity/Q2302473,university-crete,grid.8127.c
http://www.wikidata.org/entity/Q2306715,bogor-agricultural-university,grid.440754.6
http://www.wikidata.org/entity/Q2340211,jamia-millia-islamia,grid.411818.5
http://www.wikidata.org/entity/Q2418908,belarusian-state-university,grid.17678.3f
http://www.wikidata.org/entity/Q2496116,northwest-university-0,grid.412262.1
http://www.wikidata.org/entity/Q2503794,northumbria-university,grid.42629.3b
http://www.wikidata.org/entity/Q2579702,jadavpur-university,grid.216499.1
http://www.wikidata.org/entity/Q3056815,university-huddersfield,grid.15751.37
http://www.wikidata.org/entity/Q3366382,indian-institute-technology-roorkee,grid.19003.3b
http://www.wikidata.org/entity/Q3696003,national-university-sciences-and-technology,grid.412117.0
http://www.wikidata.org/entity/Q4095278,manipal-university,grid.411639.8
http://www.wikidata.org/entity/Q4115110,iran-university-science-and-technology,grid.411748.f
http://www.wikidata.org/entity/Q4115992,american-university-sharjah,grid.411365.4
http://www.wikidata.org/entity/Q4315005,national-university-science-and-technology-misis,grid.35043.31
http://www.wikidata.org/entity/Q5013372,comsats-institute-information-technology,grid.418920.6
http://www.wikidata.org/entity/Q6399651,khalifa-university,grid.440568.b
http://www.wikidata.org/entity/Q6978828,national-taipei-university-technology,grid.412087.8
http://www.wikidata.org/entity/Q7395882,sabanci-university,grid.5334.1
http://www.wikidata.org/entity/Q7895319,imam-abdulrahman-bin-faisal-university,grid.411975.f
http://www.wikidata.org/entity/Q7896294,university-sharjah,grid.412789.1
http://www.wikidata.org/entity/Q13164,lomonosov-moscow-state-university,grid.14476.30
http://www.wikidata.org/entity/Q16952,peking-university,grid.11135.37
http://www.wikidata.org/entity/Q23101,beijing-institute-technology,grid.43555.32
http://www.wikidata.org/entity/Q24401,universiti-teknologi-malaysia,grid.410877.d
http://www.wikidata.org/entity/Q39997,korea-university,grid.222754.4
http://www.wikidata.org/entity/Q46210,university-milan,grid.4708.b
http://www.wikidata.org/entity/Q49211,rensselaer-polytechnic-institute,grid.33647.35
http://www.wikidata.org/entity/Q55044,lmu-munich,grid.5252.0
http://www.wikidata.org/entity/Q127990,australian-national-university,grid.1001.0
http://www.wikidata.org/entity/Q131262,university-bologna,grid.6292.f
http://www.wikidata.org/entity/Q137503,university-lodz,grid.10789.37
http://www.wikidata.org/entity/Q144488,university-warsaw,grid.12847.38
http://www.wikidata.org/entity/Q153265,university-cincinnati,grid.24827.3b
http://www.wikidata.org/entity/Q155354,university-marburg,grid.10253.35
http://www.wikidata.org/entity/Q158158,tu-dresden,grid.4488.0
http://www.wikidata.org/entity/Q178972,sun-yat-sen-university,grid.12981.33
http://www.wikidata.org/entity/Q188370,marquette-university,grid.259670.f
http://www.wikidata.org/entity/Q195668,queen-mary-university-london,grid.4868.2
http://www.wikidata.org/entity/Q214341,university-amsterdam,grid.7177.6
http://www.wikidata.org/entity/Q217741,purdue-university,grid.169077.e
http://www.wikidata.org/entity/Q221645,stockholm-university,grid.10548.38
http://www.wikidata.org/entity/Q238101,university-minnesota-0,grid.17635.36
http://www.wikidata.org/entity/Q262854,lancaster-university,grid.9835.7
http://www.wikidata.org/entity/Q317053,justus-liebig-university-giessen,grid.8664.c
http://www.wikidata.org/entity/Q326342,concordia-university,grid.410319.e
http://www.wikidata.org/entity/Q336264,kyoto-university,grid.258799.8
http://www.wikidata.org/entity/Q372608,university-basel,grid.6612.3
http://www.wikidata.org/entity/Q459506,university-bristol,grid.5337.2
http://www.wikidata.org/entity/Q495015,fudan-university,grid.8547.e
http://www.wikidata.org/entity/Q501841,university-turku,grid.1374.1
http://www.wikidata.org/entity/Q503473,university-geneva,grid.8591.5
http://www.wikidata.org/entity/Q525169,shanghai-jiao-tong-university,grid.16821.3c
http://www.wikidata.org/entity/Q531285,university-newcastle,grid.266842.c
http://www.wikidata.org/entity/Q536512,james-cook-university,grid.1011.1
http://www.wikidata.org/entity/Q593321,university-genoa,grid.5606.5
http://www.wikidata.org/entity/Q601956,aalborg-university,grid.5117.2
http://www.wikidata.org/entity/Q610253,university-jordan,grid.9670.8
http://www.wikidata.org/entity/Q632558,harbin-institute-technology,grid.19373.3f
http://www.wikidata.org/entity/Q632891,mcmaster-university,grid.25073.33
http://www.wikidata.org/entity/Q645663,university-pisa,grid.5395.a
http://www.wikidata.org/entity/Q658192,vilnius-university,grid.6441.7
http://www.wikidata.org/entity/Q673354,university-st-gallen,grid.15775.31
http://www.wikidata.org/entity/Q675848,university-zagreb,grid.4808.4
http://www.wikidata.org/entity/Q685664,fu-jen-catholic-university,grid.256105.5
http://www.wikidata.org/entity/Q712849,national-chengchi-university,grid.412042.1
http://www.wikidata.org/entity/Q746592,university-philippines,grid.443239.b
http://www.wikidata.org/entity/Q770544,creighton-university,grid.254748.8
http://www.wikidata.org/entity/Q782600,linkoping-university,grid.5640.7
http://www.wikidata.org/entity/Q790029,bangor-university,grid.7362.0
http://www.wikidata.org/entity/Q833670,ku-leuven,grid.5596.f
http://www.wikidata.org/entity/Q835366,south-china-university-technology,grid.79703.3a
http://www.wikidata.org/entity/Q837164,newcastle-university,grid.1006.7
http://www.wikidata.org/entity/Q863813,binghamton-university-state-university-new-york,grid.264260.4
http://www.wikidata.org/entity/Q877925,queens-university-belfast,grid.4777.3
http://www.wikidata.org/entity/Q903092,university-debrecen,grid.7122.6
http://www.wikidata.org/entity/Q930528,university-trento,grid.11696.39
http://www.wikidata.org/entity/Q932411,brunel-university-london,grid.7728.a
http://www.wikidata.org/entity/Q978124,university-southern-queensland,grid.1048.d
http://www.wikidata.org/entity/Q1024426,university-south-carolina,grid.254567.7
http://www.wikidata.org/entity/Q1067935,laval-university,grid.23856.3a
http://www.wikidata.org/entity/Q1074097,china-university-geosciences-beijing,
http://www.wikidata.org/entity/Q1074097,china-university-geosciences-wuhan,
http://www.wikidata.org/entity/Q1137652,maastricht-university,grid.5012.6
http://www.wikidata.org/entity/Q1144262,western-university,grid.39381.30
http://www.wikidata.org/entity/Q1144565,umea-university,grid.12650.30
http://www.wikidata.org/entity/Q1165458,university-northern-british-columbia-unbc,grid.266876.b
http://www.wikidata.org/entity/Q1243904,university-alcala,grid.7159.a
http://www.wikidata.org/entity/Q1249005,university-dundee,grid.8241.f
http://www.wikidata.org/entity/Q1258413,university-antioquia,grid.412881.6
http://www.wikidata.org/entity/Q1296153,university-west-scotland,grid.15756.30
http://www.wikidata.org/entity/Q1334582,university-liege,grid.4861.b
http://www.wikidata.org/entity/Q1350021,university-wollongong,grid.1007.6
http://www.wikidata.org/entity/Q1353139,glasgow-caledonian-university,grid.5214.2
http://www.wikidata.org/entity/Q1375146,murdoch-university,grid.1025.6
http://www.wikidata.org/entity/Q1432632,university-reading,grid.9435.b
http://www.wikidata.org/entity/Q1444125,universiti-kebangsaan-malaysia,grid.412113.4
http://www.wikidata.org/entity/Q1480643,paris-sud-university,grid.5842.b
http://www.wikidata.org/entity/Q1506552,ural-federal-university,grid.412761.7
http://www.wikidata.org/entity/Q1517478,pontifical-javeriana-university,grid.41312.35
http://www.wikidata.org/entity/Q1520608,university-cyprus,grid.6603.3
http://www.wikidata.org/entity/Q1542418,reykjavik-university,grid.9580.4
http://www.wikidata.org/entity/Q1859178,university-strathclyde-0,grid.11984.35
http://www.wikidata.org/entity/Q1895354,memorial-university-newfoundland,grid.25055.37
http://www.wikidata.org/entity/Q1971174,university-south-wales,grid.410658.e
http://www.wikidata.org/entity/Q2001798,shiraz-university,grid.412573.6
http://www.wikidata.org/entity/Q2002619,nottingham-trent-university,grid.12361.37
http://www.wikidata.org/entity/Q2037040,university-alicante,grid.5268.9
http://www.wikidata.org/entity/Q2047109,quaid-i-azam-university,grid.412621.2
http://www.wikidata.org/entity/Q2166335,university-southern-denmark,grid.10825.3e
http://www.wikidata.org/entity/Q2302319,university-toledo,grid.267337.4
http://www.wikidata.org/entity/Q2503809,kingston-university,grid.15538.3a
http://www.wikidata.org/entity/Q2648311,birla-institute-technology-and-science-pilani,grid.418391.6
http://www.wikidata.org/entity/Q2919325,jordan-university-science-and-technology,grid.37553.37
http://www.wikidata.org/entity/Q3052113,embry-riddle-aeronautical-university,grid.255501.6
http://www.wikidata.org/entity/Q3056813,university-brighton,grid.12477.37
http://www.wikidata.org/entity/Q3098071,dublin-institute-technology,grid.33695.3a
http://www.wikidata.org/entity/Q3152650,florida-institute-technology,grid.255966.b
http://www.wikidata.org/entity/Q3348434,andres-bello-university-unab,grid.412848.3
http://www.wikidata.org/entity/Q3518863,indian-institute-technology-guwahati,grid.417972.e
http://www.wikidata.org/entity/Q7896529,university-veterinary-and-animal-sciences-lahore,grid.412967.f
http://www.wikidata.org/entity/Q1378,university-maribor,grid.8647.d
http://www.wikidata.org/entity/Q29716,autonomous-university-nuevo-leon,grid.411455.0
http://www.wikidata.org/entity/Q45855,university-bergamo,grid.33236.37
http://www.wikidata.org/entity/Q46492,meiji-university,grid.411764.1
http://www.wikidata.org/entity/Q246534,assiut-university,grid.252487.e
http://www.wikidata.org/entity/Q261506,makerere-university,grid.11194.3c
http://www.wikidata.org/entity/Q277681,semmelweis-university,grid.11804.3c
http://www.wikidata.org/entity/Q280305,university-coruna,grid.8073.c
http://www.wikidata.org/entity/Q290456,osaka-prefecture-university,grid.261455.1
http://www.wikidata.org/entity/Q368329,khon-kaen-university,grid.9786.0
http://www.wikidata.org/entity/Q429863,florida-atlantic-university,grid.255951.f
http://www.wikidata.org/entity/Q452406,kasetsart-university,grid.9723.f
http://www.wikidata.org/entity/Q462576,nagoya-city-university,grid.260433.0
http://www.wikidata.org/entity/Q482678,seoul-national-university-science-and-technology-seoultech,grid.412485.e
http://www.wikidata.org/entity/Q495032,autonomous-university-puebla,grid.411659.e
http://www.wikidata.org/entity/Q504723,university-siegen,grid.5836.8
http://www.wikidata.org/entity/Q532822,university-sassari,grid.11450.31
http://www.wikidata.org/entity/Q540751,anglia-ruskin-university,grid.5115.0
http://www.wikidata.org/entity/Q573144,university-jaen,grid.21507.31
http://www.wikidata.org/entity/Q593556,university-aegean,grid.7144.6
http://www.wikidata.org/entity/Q608338,university-bucharest,grid.5100.4
http://www.wikidata.org/entity/Q609301,university-split,grid.38603.3e
http://www.wikidata.org/entity/Q609586,shahid-beheshti-university,grid.412502.0
http://www.wikidata.org/entity/Q612648,blaise-pascal-university,
http://www.wikidata.org/entity/Q622906,university-technology-compiegne,grid.6227.1
http://www.wikidata.org/entity/Q655866,otto-von-guericke-university-magdeburg,grid.5807.a
http://www.wikidata.org/entity/Q670307,suranaree-university-technology,grid.6357.7
http://www.wikidata.org/entity/Q678965,university-kaiserslautern,grid.7645.0
http://www.wikidata.org/entity/Q696672,feng-chia-university,grid.411298.7
http://www.wikidata.org/entity/Q697299,national-chung-cheng-university,grid.412047.4
http://www.wikidata.org/entity/Q704468,university-passau,grid.11046.32
http://www.wikidata.org/entity/Q720953,university-colombo,grid.8065.b
http://www.wikidata.org/entity/Q760690,university-andes-venezuela,grid.267525.1
http://www.wikidata.org/entity/Q781371,australian-catholic-university,grid.411958.0
http://www.wikidata.org/entity/Q806116,banaras-hindu-university,grid.411507.6
http://www.wikidata.org/entity/Q835075,shantou-university,grid.263451.7
http://www.wikidata.org/entity/Q837657,west-university-timisoara,grid.14004.31
http://www.wikidata.org/entity/Q851164,corvinus-university-budapest,grid.17127.32
http://www.wikidata.org/entity/Q935246,kochi-university,grid.278276.e
http://www.wikidata.org/entity/Q939607,university-roehampton,grid.35349.38
http://www.wikidata.org/entity/Q961982,austral-university-chile,grid.7119.e
http://www.wikidata.org/entity/Q963709,tokai-university,grid.265061.6
http://www.wikidata.org/entity/Q1007777,university-aizu,grid.265880.1
http://www.wikidata.org/entity/Q1036470,kwansei-gakuin-university,grid.258777.8
http://www.wikidata.org/entity/Q1069400,kagawa-university,grid.258331.e
http://www.wikidata.org/entity/Q1069423,kyoto-institute-technology,grid.419025.b
http://www.wikidata.org/entity/Q1149777,nagoya-institute-technology,grid.47716.33
http://www.wikidata.org/entity/Q1152190,ritsumeikan-university,grid.262576.2
http://www.wikidata.org/entity/Q1192619,yokohama-national-university,grid.268446.a
http://www.wikidata.org/entity/Q1229924,university-ioannina,grid.9594.1
http://www.wikidata.org/entity/Q1230902,university-salento,grid.9906.6
http://www.wikidata.org/entity/Q1231433,free-university-bozen-bolzano,grid.34988.3e
http://www.wikidata.org/entity/Q1278780,southern-cross-university,grid.1031.3
http://www.wikidata.org/entity/Q1333607,kn-toosi-university-technology,grid.411976.c
http://www.wikidata.org/entity/Q1394262,paris-nanterre-university,grid.7902.c
http://www.wikidata.org/entity/Q1397589,central-china-normal-university,grid.411407.7
http://www.wikidata.org/entity/Q1467445,novosibirsk-state-technical-university,grid.77667.37
http://www.wikidata.org/entity/Q1474656,athens-university-economics-and-business,grid.16299.35
http://www.wikidata.org/entity/Q1476341,university-chemistry-and-technology-prague,grid.448072.d
http://www.wikidata.org/entity/Q1480421,university-dhaka,grid.8198.8
http://www.wikidata.org/entity/Q1518320,cyprus-university-technology,grid.15810.3d
http://www.wikidata.org/entity/Q1542386,roskilde-university,grid.11702.35
http://www.wikidata.org/entity/Q1633215,university-salerno,grid.11780.3f
http://www.wikidata.org/entity/Q1719038,technical-university-kosice,grid.6903.c
http://www.wikidata.org/entity/Q1752712,nicolaus-copernicus-university-torun,grid.5374.5
http://www.wikidata.org/entity/Q1758009,university-gdansk,grid.8585.0
http://www.wikidata.org/entity/Q1781858,hasselt-university,grid.12155.32
http://www.wikidata.org/entity/Q1788342,robert-gordon-university,grid.59490.31
http://www.wikidata.org/entity/Q1807470,voronezh-state-university,grid.20567.36
http://www.wikidata.org/entity/Q1888771,manchester-metropolitan-university,grid.25627.34
http://www.wikidata.org/entity/Q2000629,king-juan-carlos-university,grid.28479.30
http://www.wikidata.org/entity/Q2002420,orebro-university,grid.15895.30
http://www.wikidata.org/entity/Q2002703,university-tabriz,grid.412831.d
http://www.wikidata.org/entity/Q2093110,university-texas-el-paso,grid.267324.6
http://www.wikidata.org/entity/Q2093477,simon-bolivar-university,grid.412358.9
http://www.wikidata.org/entity/Q2140369,lodz-university-technology,grid.412284.9
http://www.wikidata.org/entity/Q2140778,rochester-institute-technology,grid.262613.2
http://www.wikidata.org/entity/Q2382644,siberian-federal-university,grid.412592.9
http://www.wikidata.org/entity/Q2840233,rio-de-janeiro-state-university-uerj,grid.412211.5
http://www.wikidata.org/entity/Q2886844,iscte-university-institute-lisbon,grid.45349.3f
http://www.wikidata.org/entity/Q3047150,university-bedfordshire,grid.15034.33
http://www.wikidata.org/entity/Q3273657,kuwait-university,grid.411196.a
http://www.wikidata.org/entity/Q3321507,atilim-university,grid.440424.2
http://www.wikidata.org/entity/Q3551328,university-talca,grid.10999.38
http://www.wikidata.org/entity/Q3551407,federal-university-abc-ufabc,grid.412368.a
http://www.wikidata.org/entity/Q3790133,federal-university-santa-maria,grid.411239.c
http://www.wikidata.org/entity/Q3997334,del-rosario-university,grid.412191.e
http://www.wikidata.org/entity/Q4118882,alfaisal-university,grid.411335.1
http://www.wikidata.org/entity/Q4837977,babol-noshirvani-university-technology,grid.411496.f
http://www.wikidata.org/entity/Q4887885,beni-suef-university,grid.411662.6
http://www.wikidata.org/entity/Q4967759,brighton-and-sussex-medical-school,grid.414601.6
http://www.wikidata.org/entity/Q5507489,fujita-health-university,grid.256115.4
http://www.wikidata.org/entity/Q6973743,national-institute-technology-rourkela,grid.444703.0
http://www.wikidata.org/entity/Q7382826,rutgers-state-university-new-jersey-0,
http://www.wikidata.org/entity/Q7710683,thapar-university,grid.412436.6
http://www.wikidata.org/entity/Q7894364,londrina-state-university,grid.411400.0
http://www.wikidata.org/entity/Q7894372,federal-university-itajuba,grid.440561.2
http://www.wikidata.org/entity/Q18360632,autonomous-university-state-mexico,grid.412872.a
http://www.wikidata.org/entity/Q19370961,university-cote-dazur,grid.460782.f
http://www.wikidata.org/entity/Q20669873,federal-university-toulouse-midi-pyrenees,grid.11417.32
http://www.wikidata.org/entity/Q180514,victoria-university,grid.1019.9
http://www.wikidata.org/entity/Q478948,yeditepe-university,grid.32140.34
http://www.wikidata.org/entity/Q774609,scuola-superiore-santanna,grid.263145.7
http://www.wikidata.org/entity/Q834819,university-reunion-island,grid.11642.30
http://www.wikidata.org/entity/Q1665121,grenoble-institute-technology,grid.5676.2
http://www.wikidata.org/entity/Q1972136,university-algarve,grid.7157.4
http://www.wikidata.org/entity/Q2035790,eastern-mediterranean-university,grid.461270.6
http://www.wikidata.org/entity/Q2428356,tashkent-state-university-economics,grid.444829.7
http://www.wikidata.org/entity/Q3847505,federal-university-rio-grande-do-norte-ufrn,grid.411233.6
http://www.wikidata.org/entity/Q10387830,universidade-federal-do-espirito-santo,grid.412371.2
http://www.wikidata.org/entity/Q37008,ivane-javakhishvili-tbilisi-state-university,grid.26193.3f
http://www.wikidata.org/entity/Q51841,shanghai-maritime-university,grid.412518.b
http://www.wikidata.org/entity/Q80207,ivan-franko-national-university-lviv,grid.77054.31
http://www.wikidata.org/entity/Q126726,government-college-university-lahore,grid.411555.1
http://www.wikidata.org/entity/Q182118,national-research-university-electronic-technology-miet,grid.436529.f
http://www.wikidata.org/entity/Q197720,university-electro-communications,grid.266298.1
http://www.wikidata.org/entity/Q203624,kanagawa-university,grid.411995.1
http://www.wikidata.org/entity/Q465922,gdansk-university-technology,grid.6868.0
http://www.wikidata.org/entity/Q495347,university-isfahan,grid.411750.6
http://www.wikidata.org/entity/Q509250,kogakuin-university,grid.411110.4
http://www.wikidata.org/entity/Q624090,university-southern-mississippi,grid.267193.8
http://www.wikidata.org/entity/Q697367,national-university-kaohsiung,grid.412111.6
http://www.wikidata.org/entity/Q707456,national-taipei-university,grid.469086.5
http://www.wikidata.org/entity/Q737095,university-marrakech-cadi-ayyad,grid.411840.8
http://www.wikidata.org/entity/Q782116,oakland-university,grid.261277.7
http://www.wikidata.org/entity/Q830901,university-hyogo,grid.266453.0
http://www.wikidata.org/entity/Q836596,shiga-university-medical-science,grid.410827.8
http://www.wikidata.org/entity/Q849209,king-mongkuts-institute-technology-ladkrabang,grid.419784.7
http://www.wikidata.org/entity/Q912329,kindai-university,grid.258622.9
http://www.wikidata.org/entity/Q985091,yazd-university,grid.413021.5
http://www.wikidata.org/entity/Q1071052,university-miyazaki,grid.410849.0
http://www.wikidata.org/entity/Q1072918,shimane-university,grid.411621.1
http://www.wikidata.org/entity/Q1091287,chuo-university,grid.443595.a
http://www.wikidata.org/entity/Q1093258,yildiz-technical-university,grid.38575.3c
http://www.wikidata.org/entity/Q1147924,university-toyama,grid.267346.2
http://www.wikidata.org/entity/Q1151045,shizuoka-university,grid.263536.7
http://www.wikidata.org/entity/Q1152050,university-yamanashi,grid.267500.6
http://www.wikidata.org/entity/Q1152942,mie-university,grid.260026.0
http://www.wikidata.org/entity/Q1156637,iwate-university,grid.411792.8
http://www.wikidata.org/entity/Q1161619,suez-canal-university,grid.33003.33
http://www.wikidata.org/entity/Q1187433,tokyo-university-marine-science-and-technology,grid.412785.d
http://www.wikidata.org/entity/Q1195814,saga-university,grid.412339.e
http://www.wikidata.org/entity/Q1201044,oita-university,grid.412334.3
http://www.wikidata.org/entity/Q1209685,ibaraki-university,grid.410773.6
http://www.wikidata.org/entity/Q1259453,university-santiago-chile-usach,grid.412179.8
http://www.wikidata.org/entity/Q1321655,toyo-university,grid.265125.7
http://www.wikidata.org/entity/Q1323040,hosei-university,grid.257114.4
http://www.wikidata.org/entity/Q1340164,akita-university,grid.251924.9
http://www.wikidata.org/entity/Q1360237,mohammed-v-university-rabat,grid.31143.34
http://www.wikidata.org/entity/Q1370063,university-fukui,grid.163577.1
http://www.wikidata.org/entity/Q1552247,university-kerala,grid.413002.4
http://www.wikidata.org/entity/Q1552757,guangxi-university,grid.256609.e
http://www.wikidata.org/entity/Q1742058,king-mongkuts-university-technology-north-bangkok,grid.443738.f
http://www.wikidata.org/entity/Q1747272,maharaja-sayajirao-university-baroda,grid.411494.d
http://www.wikidata.org/entity/Q1752117,sheffield-hallam-university,grid.5884.1
http://www.wikidata.org/entity/Q1962613,sechenov-university,grid.448878.f
http://www.wikidata.org/entity/Q2031051,perm-state-university,grid.77611.36
http://www.wikidata.org/entity/Q2092358,osmania-university,grid.412419.b
http://www.wikidata.org/entity/Q2303765,university-ghana,grid.8652.9
http://www.wikidata.org/entity/Q2592553,i-shou-university,grid.411447.3
http://www.wikidata.org/entity/Q2779762,grigore-t-popa-university-medicine-and-pharmacy,grid.411038.f
http://www.wikidata.org/entity/Q3021766,tobb-university-economics-and-technology,grid.412749.d
http://www.wikidata.org/entity/Q3113694,toyohashi-university-technology-tut,grid.412804.b
http://www.wikidata.org/entity/Q3113708,hamamatsu-university-school-medicine,
http://www.wikidata.org/entity/Q3114304,nagaoka-university-technology,grid.260427.5
http://www.wikidata.org/entity/Q3183295,university-derby,grid.57686.3a
http://www.wikidata.org/entity/Q3244385,catholic-university-north,grid.8049.5
http://www.wikidata.org/entity/Q3522654,tamil-nadu-agricultural-university,grid.412906.8
http://www.wikidata.org/entity/Q3535426,sri-venkateswara-university,grid.412313.6
http://www.wikidata.org/entity/Q3551422,southwest-jiaotong-university,grid.263901.f
http://www.wikidata.org/entity/Q3551490,sidi-mohamed-ben-abdellah-university,grid.20715.31
http://www.wikidata.org/entity/Q3551637,university-monastir,grid.411838.7
http://www.wikidata.org/entity/Q3551684,university-tunis-el-manar,grid.12574.35
http://www.wikidata.org/entity/Q3633114,gb-pant-university-agriculture-technology-pantnagar,grid.440691.e
http://www.wikidata.org/entity/Q3694742,university-lahore,grid.440564.7
http://www.wikidata.org/entity/Q3875225,university-zanjan,grid.412673.5
http://www.wikidata.org/entity/Q4116236,mansoura-university,grid.10251.37
http://www.wikidata.org/entity/Q4122969,volgograd-state-technical-university,grid.445053.3
http://www.wikidata.org/entity/Q4614615,shibaura-institute-technology-tokyo,grid.419152.a
http://www.wikidata.org/entity/Q4790314,pmas-arid-agriculture-university-rawalpindi,grid.440552.2
http://www.wikidata.org/entity/Q4801446,nara-medical-university,grid.410814.8
http://www.wikidata.org/entity/Q4806490,asia-university-taiwan,grid.252470.6
http://www.wikidata.org/entity/Q5072867,chaoyang-university-technology,grid.411218.f
http://www.wikidata.org/entity/Q5116360,chung-yuan-christian-university,grid.411649.f
http://www.wikidata.org/entity/Q5932856,shaanxi-normal-university,grid.412498.2
http://www.wikidata.org/entity/Q5972896,tokyo-denki-university,grid.412773.4
http://www.wikidata.org/entity/Q6165999,jawaharlal-nehru-technological-university-anantapur-jntua,grid.411828.6
http://www.wikidata.org/entity/Q6192593,jikei-university-school-medicine,grid.411898.d
http://www.wikidata.org/entity/Q6364465,kansai-medical-university,grid.410783.9
http://www.wikidata.org/entity/Q6971460,national-chiayi-university,grid.412046.5
http://www.wikidata.org/entity/Q7092215,ondokuz-mayis-university,grid.411049.9
http://www.wikidata.org/entity/Q7228043,state-university-ponta-grossa,grid.412323.5
http://www.wikidata.org/entity/Q7392844,srm-university,grid.412742.6
http://www.wikidata.org/entity/Q7402537,saitama-medical-university,grid.410802.f
http://www.wikidata.org/entity/Q7426174,sathyabama-university,grid.412427.6
http://www.wikidata.org/entity/Q7488784,sastra-university,grid.412423.2
http://www.wikidata.org/entity/Q7503109,showa-university,grid.410714.7
http://www.wikidata.org/entity/Q7568730,south-valley-university,grid.412707.7
http://www.wikidata.org/entity/Q7603637,state-university-western-parana-unioeste,grid.441662.3
http://www.wikidata.org/entity/Q7813855,tokyo-city-university,grid.458395.6
http://www.wikidata.org/entity/Q7894365,state-university-maringa,grid.271762.7
http://www.wikidata.org/entity/Q7894375,federal-university-goias,grid.411195.9
http://www.wikidata.org/entity/Q7894376,federal-university-pelotas,grid.411221.5
http://www.wikidata.org/entity/Q7894410,university-sinos-valley,grid.412302.6
http://www.wikidata.org/entity/Q7895119,university-birjand,grid.411700.3
http://www.wikidata.org/entity/Q7895461,university-guilan,grid.411872.9
http://www.wikidata.org/entity/Q8044183,xiangtan-university,grid.412982.4
http://www.wikidata.org/entity/Q8060057,yuan-ze-university,grid.413050.3
http://www.wikidata.org/entity/Q10387826,federal-university-lavras,grid.411269.9
http://www.wikidata.org/entity/Q11194540,national-dong-hwa-university,grid.260567.0
